,N_901,N_902,N_903,N_904,N_905,N_906,N_907,N_908,N_910,N_911,N_912,N_913,N_914,N_915,N_916,N_917,N_918,N_919,N_920,N_921,N_922,N_923,N_924,N_925,N_926,N_927,N_928,N_929,N_930,N_931,N_932,N_933,N_934,N_935,N_936,N_937,N_938,N_939,N_940,N_941,N_942,N_943,N_944,N_945,N_946,N_947,N_948,N_949,N_950,N_951,N_952,N_953,N_954,N_955,N_956,N_957,N_958,N_959,N_960,N_961,N_962,N_963,N_964,N_965,N_966,N_967,N_968,N_969,N_970,N_971,N_972,N_973,N_974,N_975,N_976,N_977,N_978,N_979,N_980,N_981,N_982,N_983,N_984,N_985,N_986,N_987,N_988,N_989,N_990,N_991,N_992,N_993,N_994,N_995,N_996,N_997,N_998,N_999,N_1000,N_1001,N_1002,N_1003,N_1004,N_1005,N_1006,N_1007,N_1008,N_1009,N_1010,N_1011,N_1012,N_1013,N_1014,N_1015,N_1016,N_1017,N_1018,N_1019,N_1020,N_1021,N_1022,N_1023,N_1024,N_1025,N_1026,N_1027,N_1028,N_1029,N_1030,N_1031,N_1032,N_1033,N_1034,N_1035,N_1036,N_1037,N_1038,N_1039,N_1040,N_1041,N_1042,N_1043,N_1044,N_1045,N_1046
1554,0.20142601977939323,0.3635985888021876,0.15084769087329297,0.6162585688264604,-0.20354686239669054,-0.20190856312135083,0.46968179585712777,-0.13701703530293483,-0.7818246744495874,1.3411731276082544,2.0127380800306107,-1.1562982693606174,1.24017014616149,0.7637589705431003,-0.12630366986119457,1.5324727511481995,-2.065611556641665,-1.1175422850485668,0.8254254439048423,1.9461622310197066,0.45301715616194305,0.6894241699873453,-0.7012184859412063,0.3814949507862534,0.2402852256486674,0.15126797166533715,-0.3043602423120905,1.1007443392387903,-0.1701489910723106,1.6514467080338997,0.1180969553740097,-1.207502579500982,0.24964689247827124,0.04039984706141613,-1.7709074985188156,0.05491922839481564,-0.6661875092749572,0.253131003778472,0.07432770671668755,0.8440236922664438,-1.643538147181351,0.7533303637719602,0.49216347896591967,0.7057550568932373,1.8666287424796812,-0.466445430858468,-1.0787072953617174,-0.17110397209721712,2.600528644250522,-0.3093090258330915,-0.32599330915826585,-0.30149704946146966,-0.21745072801212542,-0.38572073385604194,-0.6250369762928565,1.822727102222131,-0.631287287569986,1.4570961006162466,1.7369445806794752,-2.273692928940182,-0.8155330308446166,-0.3113906791889014,-0.6106565368813014,0.9823924787667656,1.2007384613387195,-6.629086338166292e-05,0.39501731125023254,-0.6014045419221259,0.04514140320584334,-0.9057618230117491,-1.701799209727308,-0.953201164819342,0.007475627720954888,-0.5986415047266187,0.9377302111605884,0.39284737197624986,0.5864903156069883,-0.257867792892332,0.1775506550831532,0.002150834115644039,-0.17126152632590377,0.7113262094378928,1.7595273428917906,0.5801909435885534,0.2940582320693056,0.821072179759049,-1.7619476855908514,-1.4120925494881549,-2.589699316206263,-0.9328438878114342,0.7163691658928651,0.8160163576269802,-0.3826096283690444,-0.447940059263072,0.4350635557833323,0.0716375683596911,0.9899478102688263,0.6540255694745608,-1.9298331925687937,0.0438569262816877,-0.6529499328104551,-3.0237919602291425,1.2758939080761016,-0.5833770745105552,0.012908404842430563,-0.06545116973643929,-0.07329186930201913,0.5612591765375898,0.5156745390562113,-0.19638183537540968,0.007567570173558604,-0.7063766874712373,-0.28552167150433816,-0.15813084730539914,0.2809388694263942,-0.019708983656500475,-0.43629010970553983,-0.6216463100929064,-0.6605278924597356,0.07360239617307991,0.0697907402148321,0.0267180120112617,0.6672678464868921,0.9898976390981783,1.1199452796324476,-1.5207008442552692,-0.5081703994952556,1.0093698702955913,-0.2606407755793714,-0.9282126357770355,-0.33842309945350313,-2.3087848858571,-1.1352796827838996,0.00791071720972758,-0.8774245461489873,-2.504239371967322,0.2560046610723913,0.7297001081362572,2.4686854297811047,2.2125637891016856,1.1034327391489314,0.8474927551600897,-0.2160410012442884,-1.20382546451189,1.4848451593647214
1556,-0.7353995778016965,0.22574470416846046,0.04769520265913904,0.876888890178048,-0.20512661324489376,-2.691633186298828,-0.10471659799973694,-0.616451682151295,-0.16354889742153317,0.15984335551449164,1.0333410106231105,-0.8253335596901642,-0.2682712395615444,1.7627981696817383,2.44051952689359,-0.9516589829370402,-2.1167166674259192,1.2219797057942432,-0.36658930820283214,1.6459370041661996,-2.1389523278939526,-0.9438205697713171,-0.5129550068429843,0.8047159973447932,-1.7839581452922437,-0.2291950394461736,0.45802341468128577,-1.1820978871352872,0.3548316168217257,0.023011626736130615,0.5784399253145468,0.5206318018646242,0.49692548820436244,1.9472494139136434,-0.004848914292254723,-0.2430480168520332,0.1542025683870988,0.02686524484350174,-0.5884321108224447,0.09095338283385175,-2.898856068994728,-0.060518336900106474,0.33922364620055345,0.10418495710572905,-1.4900015806945583,0.17992599706036144,1.2063989291590038,-0.1870453467312107,0.29440681031268123,0.17377173963601034,-0.270712596294954,1.3222934418537287,-0.46733551249517646,-1.303794938155405,-0.5698938743985889,-0.002892424375335203,1.8266140262649286,0.5887066073172013,-2.5414934783582024,0.30230218993044233,0.36633227188347606,-0.2098210662498495,-0.13493801464455307,-0.8486853364976596,-1.1049204127147518,-0.42074218080855375,-2.7041702231953786,0.7894636743102659,-0.8250585193736352,1.3635823083478493,-1.804310624551309,0.5944225943967496,-0.4879318615125276,-0.45173572315032057,-0.4995448290517881,-1.0849211746988652,1.2792016472540138,-1.7423421680327005,0.05990375917747848,1.4188408596299256,-0.529109897919702,1.9026729502647024,-2.691459720441782,-0.0049754435793800365,0.4741677746844876,0.7557140739886384,-0.22318260140837687,-1.5719025587912698,-0.27984573387726097,-0.3889237337533856,-0.03613225066467142,0.027331441332853812,-0.31587767962245134,-0.142598187941982,0.4630079918992511,-0.09369034652212459,-1.9916163787737988,-1.2600968709987665,0.9480599649689094,-0.25770648194810153,-1.1102443266981972,-0.9872341242780378,-0.34140391875867715,-0.6111882568193394,-0.7840290865960228,0.7993528675770949,0.16756969821675838,-0.14333252800280094,-0.28223620527959076,0.5178162099298661,-0.2682147525499957,-0.05605770446036199,-0.24959591388182253,2.3544460587942573,-0.20715806516520327,-0.3577664675008851,-0.24737996854924368,0.3581050333566966,0.7233241609982058,-0.6417744292116185,-1.7525370668309768,-1.9047907835826037,0.36496008444203215,1.1124518769038891,-1.4786069571714588,-2.651225268031189,-0.16796786238787095,-0.4294637410942269,-0.8568966493641529,-0.940047015074805,-0.6055476621206562,0.1204384178084298,0.2018858708899465,0.8379775066986881,-0.9822788266922821,-0.1785793655323105,0.8977114974500614,1.4509150405660036,0.8181481039079737,-0.6893525275204054,-0.18923587099994676,0.8731904526931039,0.4119476676091813,1.5808598089766273,1.390521029865491
1558,0.8567128734748658,2.107353836169313,-1.008118165014279,-0.6914851441263419,-1.1061835411927317,1.577099657019391,0.9375165470633332,0.39886135194274097,0.11755428225024483,-0.6368099325387362,-0.8903639484027622,2.3463917049665444,0.04186029835312299,-1.9516445168007373,-1.4087006682787868,-0.22402441831163947,-1.151504085827235,-1.4096654581191859,1.135021208281797,0.49263922251102177,-0.5006721515898631,-1.0924043918446131,1.4021626739346775,-1.0261373687636652,-0.22680541180899455,-0.724536764698771,-0.5767152471412034,-0.7544028986892461,-0.747285901620912,-0.3280816614784841,0.8621539715992687,1.225975473652114,-0.10733360006173837,-0.4002626267541089,-0.016691618479703945,-0.826451993699444,-0.21520529412588998,2.0618968707656373,-0.2562107796601086,-1.7762056669086372,-1.052334387278619,1.5104472586852373,-0.8966499214616332,-0.03844568753824409,-1.3734730029550324,-1.6725750006766134,-1.3018237206050347,-1.9198808055378542,1.3315550004177714,-0.19646225432704728,0.36874970817519254,-0.33829170830489314,-1.702594030286422,0.6006496509705015,-0.2856382471599575,-0.5163056085897831,-1.1156900635758957,0.8235163350936766,-0.4344441490042743,-0.40307636772453426,-0.28443033991247874,0.6072353652845423,-0.7101873065476915,0.3141079739345616,-2.6104438353635704,-0.8220780438174486,-2.478331725808019,0.42323329256411235,2.1581541771451134,-1.0328176976930383,-0.47108286602246485,0.637656038293426,0.5146332368854758,0.18073560983783013,-0.39836011955019046,0.21355613178181249,0.9420107611601961,-1.1716584144694109,-0.9880951153519825,-0.25436416110569887,0.42399946163297614,0.7113690042056747,-0.014228570513982474,-0.30268196234442224,0.4177509642008255,-1.4178390737893405,-0.18540936487811058,0.05085731824947373,-1.1008962842377674,-0.4730226480521311,-0.3315847265588196,-0.030234169119906958,0.34123881633338476,-1.4573763276242397,0.15333639812914415,-0.3351567820870671,-0.2421479084325181,1.196294516746556,-0.14287920460856451,0.4758428060788619,-0.7867249151504149,1.169464316787722,1.1760765532926525,0.702087780317372,-0.18934122131875086,-0.9556571306927157,1.4228408732617774,-0.796442233636819,0.8466398238039269,-0.2384867625011056,1.7988794841119573,1.271481462024107,-0.2784673449228983,-0.5009649573081187,-1.4916539119370735,-0.34397135715594107,0.44635101161319,1.6933985463487575,0.24592271595007043,2.408062776622846,0.40238233011091956,0.4261217957245975,0.8654148261576714,-2.36261852761036,-2.1215939087217754,0.7006931467525219,0.563501368421739,1.4284597280999838,0.5424694037182729,-0.18872951996643225,0.3685793421725574,-1.5138438597287258,-0.3237608497937971,-0.249177374852856,0.0011502629899691533,0.4351793039471651,-1.8600401379224032,-1.3039597540254637,0.7670697006297517,1.0596380623294321,-0.6356837399188849,-0.4194866601233584,-0.12327871581846725,-2.2810312474311747,-1.8980253943391165
1560,-1.24185641364231,-0.1542479449605403,-0.33126146592609446,-0.7383869641249377,0.5973388428209183,1.0093904751414031,0.5935059283182659,1.6003036249556646,1.8034575414089036,1.0600793568194522,-0.5488997440165394,0.24197449328526732,0.775834864693641,1.9311528989222104,0.6381670619672,0.15580745061126003,1.0200599430619512,-0.8770477186884778,-1.0014064755113563,0.4841193677060216,-0.9996507061202946,0.3739860764496419,-0.36571070144504636,1.2445390178093279,-0.2234572215873576,-1.2604840641834678,0.13514811876724261,-0.5162868165983909,-1.5391542956926036,0.13866479180521346,-0.6330511959784432,-1.5905560534999548,0.13791728010157214,-0.19972743760245582,0.6195178899255258,0.8198793351211332,0.5657579618218842,1.3057697619591058,-1.1101481077433952,-0.14027254785941357,-0.017500903812374336,-0.04538115357527792,-0.8471544739843124,0.9119851720513068,0.9374889876402879,1.1968385167514382,-0.5863470037367573,1.0635064326293067,-0.17658680152415968,-1.3198681930905338,-0.6708141510534333,0.8479544183369888,1.2439630735634728,-1.554618895634677,0.7034296249050833,0.20805916674769503,-0.6395726054412778,-0.16502614920012276,-1.2986396532093682,-0.6983049655736575,-0.8993280373655986,1.510299902706917,0.441828241377507,1.0302969884362434,0.5286597282067607,0.9556026342858147,-1.2129814483167862,-0.3649592631402594,-0.29223442783672393,-1.1774619921112774,0.9934380403313549,-0.623782210867071,-1.0976347633070724,-0.30729440516982875,1.1918529159116058,-0.47241913881359804,-0.9840079853130004,-0.5351953910412872,-0.4549886210365074,-0.25090269774187246,0.3006675432522497,-1.7265480814291898,-0.5760687897426768,-0.7254902672420402,-2.070210514361886,0.5744390260896257,-0.7416265723237461,0.03493673561244795,1.604472058327224,-0.7837383277767279,-0.3072668267369247,-0.14224403470343103,0.41193275290654513,0.7906407211915889,-0.22870309211313528,1.0702284369309318,0.4139290458422971,-0.49344302983802363,-0.8223120396950807,-0.33579978071904104,-1.0415772809539787,2.290988513766896,0.4969258783663488,-0.12378763868399309,2.341279077155666,0.3923015762712678,-0.4633247236525275,1.5546720268299241,-0.23075221599121104,2.1317541724060645,-0.1162870115868747,-0.6107614849778635,-0.34545069102125336,0.9932224035053332,0.5421135356561776,-0.1011832169638814,-0.20177191187633503,-1.1452930752006854,0.43688723516783784,-0.31381889512356625,0.507394816870958,0.5767938103191961,-0.18089305790758814,-1.140874227983534,0.3306736951725399,-1.0341385525646645,-1.0043850408071933,0.6762836139025226,0.38423463618482934,0.4298263822755241,-0.19802249909481467,0.49696142972180357,1.5611546848031943,0.8710430007144535,-0.26974428341941975,-0.5010471116096342,0.4734151542927181,1.3740274403017452,-1.951458263241571,-0.3262716151022122,-0.9181800089673225,0.7007747549105556,0.20727039406360298,-0.33041847142499187,-0.06567201174142295
1563,1.063712283706787,1.5882237368760872,-1.4411811260659333,0.6827195655606095,-0.6959676775901835,-1.1302313208782724,1.0286555393315693,1.6970820816801264,-0.9743569893365936,0.342765985298248,-0.29337171288492053,1.826696466739754,-1.8244329138109576,0.16460000424960736,1.2052375306714247,0.39809931162488343,0.3917412651728367,-0.34528551155205867,0.11767767817021721,-0.7782683572529537,0.367957493488739,-1.8443820280160315,2.389503231653696,-0.6144252286313309,0.7658882548882701,-0.4787184855110587,-0.03242851749480468,-0.3109633770219076,1.0562898461123482,0.23746828776112258,0.7338080930732007,-0.10740791141106494,1.3157404156346666,-0.4102595856088821,1.1222442332759608,-1.1185099949011128,1.4451719066459108,-0.314431578325944,0.08209942826211691,0.7788059847860362,0.4785636697692089,1.5150907034541456,-1.2445740965755319,-0.3320899082276338,0.8722494950254175,0.0988245130354451,-1.2582335809652392,-2.475241442730709,-0.32287136899002106,0.8125931684971712,-1.272318532813645,0.12186269477378227,-1.7373581066621506,-1.1778721855856102,1.7588790529814111,0.26981244490314066,0.059675283184920366,0.7140161924130642,-1.583391660776046,-0.38797917768378026,0.8501085273372917,-1.6103442655654632,-0.15611873461565326,0.7641447191967041,1.3715084063839231,0.967908019660511,0.049196036256436454,0.013974232419894032,0.8252891310480786,-0.3354653347499161,-1.7563918823346043,0.14941635180449286,1.0739828551124933,-1.5300472462489003,-1.691349787859244,1.0599256995671509,-0.7200390786590866,1.3441347653916857,1.5087139550774205,-0.6335977655260756,-1.7233753987101519,-1.577129146713494,-0.038077454110785565,-0.6249438414669889,-0.7519174072996011,1.6462504051376292,0.06272325878063449,0.154062864366242,-0.00930481408489976,-0.9150609673570634,1.7242882316421568,-0.138623475363338,-1.282158813606669,0.7632200376521373,-1.245055982988383,1.6839459144118,0.6083482024803065,-0.018492649734477985,-0.23610477395990906,-0.5837532975607783,0.7747522035333302,0.5790842156273007,0.16977092556751766,-1.7700864734491806,1.6931039970409127,-0.42397031195459683,0.8931555870191262,2.0169128607867157,-0.512909679704395,0.9122154890620966,1.2676266346317573,-1.6758964186346497,-0.13872508562026145,0.31656365211778154,0.7491518106785342,1.0292928351956652,-0.3654482168972891,-2.6386865235853727,-0.9775833853322856,0.8056314143885028,1.412492679946264,-0.7913257710942128,0.08161227640269696,1.9482639309297973,-0.09314237585840512,0.3710971169841571,0.3801840314496937,-0.7975310186563277,0.7824213995789775,-1.1676454260718827,-0.4988975415912342,0.8687034823009414,1.621087052078301,0.48886032646819644,0.460084916081388,-0.035510667679964636,-1.4198626441767026,1.0832598304292798,1.0802835759683302,0.5745957887638229,1.2462814079689981,-0.29470050282863725,-0.02511968386140277,0.1405979427831761,1.1674086945501685
1567,-0.25463845974631655,-0.7701378063568624,-1.3527870618606748,-0.6477869397063177,0.578554906779978,1.8547593714427235,1.2682637497866773,0.1718573554772875,1.1617558682170963,2.123478270236699,0.40781058629794764,1.1265646641918539,-0.7345037540201653,-0.09420307478321839,-0.1476783586181548,-1.617935876720018,-0.8411081289199984,0.6281454466513268,0.24308872681917912,0.46229200348930616,-0.780411688424763,-0.9625121604465028,1.6442137060289448,-0.7600144230777903,1.0688454879430445,-1.1158145769060017,1.5817334193408092,0.19939612532806786,-0.667495386466536,-0.285526715233436,0.8541560616739085,0.3249740735232792,-0.2735980388789938,0.1426872709247237,-2.5099030920461245,-1.4180314956340188,2.6065944165754313,-0.22314323406857445,-0.36405914741723294,-0.4660074360630035,0.7166204614008151,0.8754007208981309,0.004067426503330824,0.2841760959345764,-0.8556556537097658,0.29878026155486964,0.7657178180149871,0.5456812443417056,0.4313491662749326,-1.3033684191277892,-0.21335061621455256,0.10718752574003632,0.5160060817768414,0.36215815521340505,-0.11150628021988174,0.18465923199578005,0.7530293984094343,0.3804191853308322,-0.14401760369361977,0.346791347463679,-0.6637270535583809,-0.7192484051772106,-1.628375888330192,0.8735895599465164,-1.8038358425015237,-0.726675418264824,0.20116455440438794,-0.4480426447703279,0.6084642482876476,1.0999172439484242,0.5340077955692528,2.4163114208110104,0.8100646571772362,0.9649572880161218,1.0490539521537896,-1.4695054180071758,0.5162431981189781,1.2870096730866254,-0.5264862386814069,0.22185346575928877,2.5776488958875308,0.8257123018873649,0.9406595149923599,0.3961346094639697,0.7066573069797345,-1.1892350066302015,0.8053956983679966,-1.2543752762257592,-0.5796541887996436,0.06611016235435968,0.3341688325071393,0.05127070524340261,-1.548106149075506,-1.2568203478540643,-0.014181609822862783,-0.7831288068796258,1.627756052756878,0.9872813218509128,1.024807393466687,0.4953578573296738,-0.8644558927073392,-0.21296837566131696,-1.3173293957519796,0.26398075094381074,0.195893355458391,1.815784585053605,0.5721170288049592,-1.0583182587474522,-0.06167590644925292,0.5410672633354648,-0.26355419237179384,1.0098348323961701,0.745664667903663,-0.3170058188371382,0.1441290636750907,-0.9897119291874578,0.8834245303880524,0.16865607506550268,0.8802609225630296,0.1406276196212228,-0.04522605415873855,2.282554614182626,2.043902385425595,-1.5427939423849792,1.795765410241446,0.8363436534491924,1.271840842870011,-0.8444229469726626,-1.8228130816676855,1.7006097764877526,1.551540928600854,0.757740694629732,-0.742216038764156,1.401531298924811,-0.004219223579911593,0.15575435866968038,0.27010218244774226,1.925840714563021,1.694808265766954,-0.8752238962163487,0.06357515925227157,-0.601888707087163,0.3773233559539886,-0.5013397265051648,-0.3296515762586744
1572,-0.3403696244797355,0.2806859501072035,-1.8889484065169377,0.007478604749939826,-0.6660157821489168,0.9693701074689781,0.17834959307094975,-0.11683243442508906,1.0268609078750104,-0.766566848020795,-1.0798273356613763,-0.8610637867776805,-0.6536880530544066,-1.2094374542128508,1.3404586861407488,0.17041691596953765,-0.05612339666763587,0.19642211888996652,-0.4940877625155464,-1.325611094936918,-0.7887735216993438,0.899783506580564,1.431745821342153,0.05173935655411945,0.41627369755147564,0.30461052950648415,-1.2399466766837322,0.5353415942522739,-0.8619766150795959,1.0190576921979186,-0.21214257155131216,-1.0754625734842602,-0.27565434446380316,-0.7074246397956929,-1.789886933710102,0.5165692804167654,0.8749104390308053,-0.7949580491073819,1.5126723313381776,0.3216123527233242,0.801202450730595,0.6676001478366703,-2.1569759047555266,1.2522699406914013,0.34134824650618767,0.15519315695123195,0.146322786626393,-1.571973283594914,-1.6373166134968342,-1.0714439402600997,0.9449426614372854,-0.5835870439229395,1.0744876302444073,-2.169911184615652,0.6872826587418793,-0.32177352855630564,-1.1684010155373195,-1.121562373170148,0.9321426764153672,0.10039706770302677,0.21028739179734668,-0.8302712303140736,-1.7131183744303242,2.0785137383676,0.5970599674702223,1.7842129435012617,-0.2436671726809125,-1.2575010095532495,-1.1890869296289237,0.0863906607169932,-0.22957188447736832,-0.5617825545033784,-0.2964385541392166,1.5678919643313307,-0.42258555061912884,0.01495973288299444,0.5790786534811042,-1.4003342181496146,-1.2582379536455706,-0.4931663857264978,0.48174130452467484,-0.27428438104121067,0.3774178399821479,0.6336815200996796,0.25699294669585265,-0.5042569646223605,-0.9354803900929958,-0.3165311272053149,0.33843619297885036,0.6815959281911135,-0.2399828450868676,-0.44612157610516356,-1.3440140388651154,0.10194513777676423,0.6458175774561769,-0.3733521306807871,-1.4092172255676974,-1.353710894835292,0.15614752068399493,-0.23382926494850723,-0.5550810403105139,2.2071221558624514,-0.020331857153285938,0.5689129730181803,0.6922647464689564,0.8170773078435865,0.43182990925849774,0.32267209514665685,0.7397518037438738,3.492402616556928,-0.44971940029763396,0.7625191262928844,0.5718343253676247,0.22897119278548048,-0.2221434811920486,-0.7504047661684289,0.16566075441225947,0.2904458497141715,-0.5692420422815818,-1.7305264269992073,0.10525735570810031,-0.2887958955434043,-1.325093064987831,-0.35237216020399054,0.5992920105484761,1.1968387842271595,-1.8320462326384672,0.1730129924927094,0.6996679873286876,-0.32715729294225426,0.9969389944241764,0.05752506839346199,-1.8017270181121938,0.42607800546369784,-0.14842422587983414,-0.2598058210776589,0.9374945207187165,0.10487084492944494,-0.5385054318371817,0.3291646513363333,1.0450818540179951,0.020689201479603115,0.3010467046040185,-1.30120699040816,-0.9006194126955238
1578,0.347126862150655,0.14564082578318419,0.10212840371014968,0.07137907043573845,-1.7392067010722825,-1.21151286765411,0.5735962493878335,1.5592445702592597,-1.6059579368103492,-0.6971505229103202,1.2574556521254159,-0.1665863185124701,-1.5158688143875678,1.2706342607878989,-1.2963245831089862,1.2943593029639318,0.5145356793219961,-0.8283329054819727,-0.6492269183965241,0.5964127364060069,2.742517782126545,-1.8204826763472675,-1.056945000987561,-0.7701352473351657,0.23349142925907748,2.592907269325997,0.5408821859176707,1.8070784503335515,0.8387438407513688,0.45774992612993115,1.8934604140745745,-0.0757029738205785,-0.25114224851599054,1.0087336770199884,0.3497655823963401,0.9073543387543243,-0.3318250240104226,-0.6038553659846587,-0.3521416492958603,-0.16558870822876096,-0.7769799023486618,0.20748084357295998,1.105376509856467,-0.3985741706640282,-1.0703847524634862,0.2074593951481757,-2.0713365477405126,0.7398932274152978,1.6526247878091134,-0.11200445821694825,0.5874567105124687,0.15557078468550933,0.7160412308953126,-0.6557771175757271,-1.6066144204613542,-0.8490122569385804,-0.19371009817276139,0.46437734241572265,0.6237600555502307,-1.055111404235266,0.19304787296815473,0.28514529687965084,0.1685610354853037,0.31476980141956623,-1.4211846571887892,-0.17281793485699942,-0.29748292506651774,-0.5468307995812605,-0.7047201364255148,0.4794781730671645,-1.2747051523119797,1.208037103898874,-0.5810165677432945,0.5927576042795214,1.2570962251548456,-0.42412813005818906,0.7886649322563669,0.09358444763541589,-1.0988087553777353,-0.09992461997365584,-1.1897338405752094,0.31598879485054565,0.7824102512327098,0.3346887049021986,-0.2499598964110061,-0.39305262329710494,-1.7845432093422402,1.4025589074774778,-0.027864193937078285,-1.6328035925734725,0.5707115292210709,-0.06169881965095783,0.36176929054604323,-1.3272013776580653,0.1461264024714932,-0.03201999388341465,-0.1224751570022287,0.293798958178019,0.089478520912676,-0.4646905351366268,0.14928407681466974,0.19637362958132554,-0.8593752762110106,-1.6082638123508919,-1.35085222659976,0.2950391886167475,0.9519760310251902,0.28189137742572296,0.9576177254362798,1.3712096493927124,0.1668131316505262,-0.04886517275291621,-0.2805510634434045,0.6786019969201181,-1.0841708453286447,-1.088633512503694,0.5271067540865767,-0.6076810397150515,-1.148969505685043,-0.7820228515528351,-1.1149073917393113,-0.19440203606284578,0.4882163769083847,0.6057458530331828,0.4336482123845852,1.314536614731326,-0.330712391877637,-0.9650427436946636,1.2177779234609893,-0.46579229352234125,-0.880471681518159,-0.6263573685920545,-0.7962661355533924,1.511388112534147,-1.4700155777150496,-0.05294344074918577,0.3398524895833206,0.03672507420499113,-1.2532724369340422,-0.7733508196048275,-0.4462059581807397,-0.03282299617055129,1.8819274108054662,-0.2638686784463378,-0.2563253485643784
1585,0.7771323562670563,-1.2620084341215452,0.18307385191568992,0.6243719142346832,-0.7021569368009949,0.6523608296824167,0.39280762481785564,1.0687215877314322,-0.9937871911945827,-0.36956773921690206,-0.2426819450761163,-0.06523109135174142,-1.3436390878889302,0.1223245041210443,-0.8767328188739075,2.9647774639278937,0.5547630709601254,0.3462731782119625,1.1278730461846211,-0.6514100648914971,-0.586745897079179,-0.05062507754501652,0.33343181298070523,0.3176904804647989,-0.4578323453866088,0.20170309328045966,-2.3751593805209037,0.7520292203229698,0.0656153950312998,-0.7826795991017708,0.6407103016345507,-1.5024988447647691,-0.5875482664053805,0.5916144912051914,2.63436082473769,-0.11063906046343518,1.083982148365994,1.8988168977207336,-0.3443973466272947,0.7393092537404108,0.8765764167063661,1.7747923012643292,-1.2116664856769488,-0.6701241726808174,-0.26658269346262253,2.5085760552771545,0.12774660312922365,-0.9292282921658841,-0.9574905538850746,-0.087500991928295,-0.5621107543799978,1.417165847109813,0.5487449669077453,0.5979275089675582,-0.7751358813649185,0.4362496547401209,-0.23175881287131486,0.936100143751506,0.40715348480497765,0.6505691568003495,-0.6659888095013805,-1.0314600278297978,0.29262605768195527,1.8827368181929538,0.6585730312884881,1.5276425377907532,0.9810190954639685,0.3571777404240258,-2.733300154854944,-0.6469149151160908,1.3669348013770546,-0.07418785989961009,2.222535760604948,0.00736823790707796,-1.1889143140282956,0.4110098788197648,-0.47883202379476997,1.0203724806146564,2.7235179102517866,-0.09112075138102696,0.9587260045564208,-0.3183816664369076,-0.7359276605234408,-0.38930963246718603,0.25406804787918735,-0.9293873693201884,-0.05472247671931612,-0.3925732736414931,1.1753044986811823,-0.8799148091595006,-0.46053542713471673,0.8252423610433226,0.3789875986010633,-0.6271536723450304,0.7416115635676302,0.7929136459698958,0.8264414205690603,-1.1108402782462847,-2.0664876894438757,-2.689236246140695,0.5232882500804359,0.09025732688456205,0.4223682995402201,-0.6072503490495954,-0.14995632224958014,0.4451412651708881,0.49109187300518825,1.3661456000544068,2.250062695688907,-2.369092648569443,-0.6147319128082068,0.6853480135152795,0.3816223646839582,-0.40875282590467304,-0.4675583951098381,-1.901628412796495,0.03654991776939777,1.7644661581476284,0.6861180562056177,-1.5737439170707783,1.7143271715837354,-0.9436887392637504,-1.797999767578026,-1.4640466200254183,-1.3350461758640342,-0.27334259772695724,0.809088377242211,-0.36256975228704513,0.6017138445135528,-0.6785066070264172,-0.9762470479522237,-1.6992351509359886,0.9237718617765386,0.6870299492728987,-0.7394393748915802,-0.4402554016578181,0.9363034182981045,-1.7099372688084515,0.2132173863719895,-1.793534358699131,0.5706389305383386,-0.9713984765395144,0.9749755919552526,-0.1621823344909344,0.12525305943163142
1595,-0.48038356755510553,-0.15386769688289603,0.8863430870115678,-0.17158278693784002,0.8753133875113769,-0.4218705177365744,0.7740739041411797,-1.1208190059053353,-0.09462183541466265,-1.0800784109216839,-0.11298599232289483,0.4154638841256761,0.4306545895719306,-0.40232443211262764,1.5199242299650688,-0.7150050513679527,0.16270542802496346,-1.19374632031896,-0.7889519712554378,-1.7099997834766627,-1.788814106605867,-0.23381748444366698,2.183928933204051,-1.4212142551063343,-0.3874108513973937,-2.0172153610982644,-1.2814400405412987,0.16252400412658122,1.537141343065701,0.24084683176954336,-0.9037264610627574,0.8585393548186514,-0.893231297118,-0.04441063610989215,2.4162476919074645,-0.56546487931219,-1.7863988602714753,-0.44102833015393733,-0.41490594101107603,-0.7106752882158167,-0.6224867053914155,-0.5146658515368915,2.2361162511949546,-1.353457211394007,0.21819153304209785,-0.7054695052666407,-0.8196879451306417,0.02133612907000431,1.0731050720682067,-1.0954845161628095,-0.34722496289307647,-1.412790474592987,-0.7363463971919535,-0.8548217650226708,-0.6087714722442298,0.6252928843413145,0.484838602246284,-0.8301977652525225,-0.3394437927010426,-0.5810027919063406,0.3362225507215819,-0.38587303038355253,-1.672848705931281,-0.3367044895000033,0.026841745384335227,2.899814549766935,0.4823138358162482,-1.3880712068995438,-2.1734664397378998,0.18465364216123165,-0.26418706954722954,0.2332060415732026,0.6058305308695845,0.15991698743987873,-0.8290789732157785,-1.48570135400541,0.8692737426924936,0.21976454536090878,-0.001954683409875146,0.9803417577737155,0.8763315434530169,1.1327759355441176,-0.6497252293956192,0.6058506456534435,0.7849701532363068,2.4410518368714134,0.2706891340771411,-1.941849006977135,0.6716750675559378,0.4904979777848149,0.19322791849231735,-0.6653653445548678,-0.2549921872978076,0.8290632457225139,-0.7445509492960283,-0.308410469566737,-0.1689706799152544,1.8738399464438922,-0.5364207369685468,-0.10252841014248182,-0.9871969068847737,-1.0156020592800725,0.8351965734798866,1.244953629687414,-0.6553382786830877,-1.5023725473597704,0.24541556366776646,-0.006433050610632644,0.2666012634713222,-1.955657893250906,-0.1068980940715469,-0.3674675248027028,1.3123248765408715,0.48242555230413525,0.7280413397493664,0.9939596291165427,-1.209542057466229,-0.43167625512426594,2.660758272943391,1.0759309238253711,-1.3518263408150462,0.35161598976961844,1.8212896850959768,-0.38100616323033554,-1.2104840843814924,-0.384952909941118,0.8413697831166401,-0.43229344195328984,-0.2939619429860702,0.5206727335280328,0.0744845357758942,-0.3198833875118306,0.24953860162141778,-0.06637575328136228,-0.12399339701968394,1.0348998370384166,-0.4897616950300834,-0.48773697201537475,-0.1644645952336963,-0.057142511354055854,-1.0089318396791307,0.09030518757424079,-0.485390781561996,-0.6727282448619845,-0.3745172731349491
1606,-0.472284175114258,0.18826254365393186,-0.5086501409814022,-1.0185499896987118,0.6694628360547591,-1.2172258807224325,0.10718896882967525,0.36062706155088703,0.29596359613965634,0.17239060217103125,-2.2870299924357202,1.5376559107695407,0.9387732019409004,1.9961416561028382,-0.036252988730041874,-2.080999151109103,-0.43229425044285125,-1.4253389311189755,1.7887033939957,1.1893395976550971,1.3992696069839226,0.376513065961153,0.6294165052784717,0.043356863615628606,-1.8695066983388604,0.7330770084862457,0.23486870105943572,1.1869808098007881,0.25720263262792076,-1.3135465669335349,1.2932830534119537,-1.5667887541804488,-0.32031656587315144,0.5134319614053401,-0.2395436901048849,-0.8089670181846682,-0.1689554376342847,0.5269993889094128,-1.500665191263234,0.7824800383657048,0.07620787395892019,1.3333241560572515,-0.6465443986683546,-0.15040941461112955,0.9042235122233212,-0.05939928613141694,-3.05515981450559,-1.4743910901913566,-1.276760020176022,-0.5371923904982588,-1.4209373051327896,0.8328832385853627,-0.540582404083237,-0.4717451712047903,-0.18908912313645998,-2.3788921918331107,1.1838857928137956,-1.4960190563471791,0.8238935430787722,0.43089842074695606,-0.12663462253894284,-0.15622919806152905,-0.6114546636374488,0.7058489638059467,-0.47915587486059796,0.6861596813897817,-2.17138768773238,0.6657579088117472,0.524273745070017,0.7867233901881603,0.22960367370274776,-0.1142160751499327,-0.025232276002440587,-0.21020110262467914,-0.4425596362132102,-0.8135079989032521,1.2887692209166146,-1.119145759336395,0.8561905485688615,-1.5032160010243936,1.4515733027663502,-0.8406784178779461,-0.3510939168775219,-0.49975779121141206,0.9392184271048458,-1.5191961599008492,-0.48455001430126415,0.7860419929611868,1.1661383477674405,0.8071716030385241,-1.703112577642034,-0.5231807290232905,0.5277395842438788,-0.5856996812576157,-0.51495701255176,1.1279909141110176,0.4052692101050876,1.1032247062624274,-0.7791115447638005,0.5036700999500918,0.5094295061469231,-2.2325313141194636,-1.18060911103862,0.9247535475502107,-0.709046999596623,0.020249858741275478,1.111320482209289,-0.8618540271036345,-1.569086650628903,-0.7521678250670936,-0.6823809941430813,-1.3018569597633944,0.741300378423966,1.215402007160435,-1.0308164379295683,-0.9417342933305074,-1.3591580088688258,-0.2701759859995646,-1.2133533472854832,1.8851003549532808,-0.45587292250011646,-1.2699094764131327,-0.6432088639841604,0.6462942309877581,-0.2782594273041406,-0.39529617655996596,1.2514071141836842,-0.0862160824305748,0.5162065070328997,0.8084632944007187,-0.7458114200892567,0.05452398903133598,0.15897775321539825,0.8177049780752407,0.2059845502180182,0.5846813821590879,-0.9355079287477155,-1.0851785550590178,-1.7162247697674355,-2.0083080975806404,-1.3014311464745754,0.4420402268676317,2.575092639716337,-0.832289872363844,1.6067685907182798
1621,0.3911608322236,1.142737289809701,0.8203537061082772,0.34503349300982594,0.28925088028147883,-1.495992511140621,0.587710216442363,-0.8707588775783266,1.8349607251113214,-0.24464134811106983,-1.5234698656002146,0.8743650110224066,0.9380811485020065,-0.15513293277259826,1.0958905949417643,0.7179885317799614,2.0750245370059237,1.5739151008761958,-1.5887595925038607,-0.7971158352581327,2.016096840805144,-1.6390288768824375,1.677686846239948,-2.0223299278028217,-2.4881838070095923,-1.9945109054811572,1.3009185744229614,1.6338057574247695,-0.21035314135463787,0.6117758534775913,-0.41078301269443634,-0.4968565414811116,0.40289830339928,-1.1323001050262114,0.3431045998118558,0.3259107942701417,-1.4353398817686753,-0.6986906887295884,0.20599901107269947,-0.8666149337961344,0.23661495888519732,-1.600827702121374,0.5835773632825378,0.28225933055379343,1.2932150027283742,-0.6409114828701297,-0.18353330000956922,-0.029678178223243815,1.7925935994035582,0.4868448706222258,-1.9699213721699496,0.7974470658264926,-0.4194280303567428,0.0786040840491779,-0.8557618714025492,-0.14280162561368318,-1.4391713866637406,1.1249962865828247,-1.3235149240404924,-1.7363597300328348,-0.832553110390689,1.2919288075249924,0.7589234393100248,-0.6695615455011925,0.6437071774649546,0.17225642766619345,-2.2230562394288085,-0.17277073886428987,0.8293922747640735,0.9286491584848993,0.38608588917001546,-0.6312430240558916,2.522541894491333,-1.2483480825388824,-1.175219174269058,-1.4912564053985657,-0.02489115529316083,0.36374101950745874,-2.457652700347556,-0.08557623081801657,1.0578912138897956,1.0868159983548162,1.0070159158209164,-0.3720037744299209,-1.1256186168901585,-0.2524410944203301,-0.031021472726647695,0.7585926796927586,0.36543787787758564,1.027438218218827,0.9454017083482188,1.4018970350917128,-1.059805612395911,0.7583528034753027,-0.16834058932242643,-1.1777610784966637,0.08386480048260984,0.37630373694524283,-0.3319543346310071,-1.3639877790771948,-0.09975303762568125,-1.281335603621727,0.7767076371878722,0.30463050269578135,2.4371533547342636,-0.7622472459647939,0.009544462225519365,-0.05647561753899441,-1.447580692534763,0.9737290049064115,-1.0628043520385264,-0.6326546574854225,0.7921809956087082,0.258991704375669,1.2738713814519758,0.2026047609980096,-0.10119327672892325,0.6617761747706826,-0.0016098001214419548,-0.09604320194823193,0.6651264322553604,0.3205755225933419,0.4749186169784409,-0.438568094633578,-0.5254858364968971,0.6075278609634757,-0.5622285661119726,-0.32650079173545615,1.8114433003938433,-1.0943931794426136,1.0526483038256975,-1.8434579280356946,1.4401237992514055,-1.8597399383365671,0.707742362830939,1.759920565593595,1.1114306584734546,0.041243689776391895,-1.6463795297512804,0.12925524177833056,1.3954821420598784,-1.3102727946084551,-1.5702572126238699,-0.8780017795189033,-0.4529286025128033
1639,2.7808393498537853,0.2515717595859335,0.7394370639189399,0.05728041747984789,1.797021409165703,-0.7941532892054546,-0.26748975979057016,0.7942238919532916,2.085848915271912,1.072212710331721,-1.300104543944803,-0.5643784218841055,-0.42879359260341926,2.2342133673075173,0.39774216296198056,-1.0707985001233893,0.4079667576331753,0.43342873530883075,1.3176813321125742,1.301797363736143,0.5746900499466647,0.5771292258717388,0.10148581169526598,-0.5275613073948549,0.36345607485756726,1.5803809937693831,-0.6725749936030379,0.1488183200458705,-0.9126533754639122,0.9408960597975106,-0.6414588509661512,-1.463491119307834,1.5897852611428163,-1.6295219827458511,0.3612891889957084,-0.9492554509696787,-0.23135145132472298,-1.624003269066226,1.1960056084077078,0.6641283052867867,2.4968756832314045,-0.5202659814304603,-1.334184438106324,0.3735086333601325,-1.1278142321954285,0.9046476310040056,-0.5352664202394928,-0.5363480134121278,-0.5614805903436749,-0.4695504746973356,0.12463030298908603,-0.023937256974971868,1.1879181056023265,-1.0524840795311696,0.04293803563686456,-1.592413446090813,-1.657122713296085,-1.8950016182313671,-1.190511075990538,0.8400125396200178,2.5745903219407342,1.847197483152468,-1.428156190808101,0.6428207354881564,0.7221951207179556,-2.001948590268023,1.416186670025318,0.11738790946172083,0.7675516743842999,-0.3405973302354611,-0.36512460699243976,0.33415554404595615,0.15994396213098003,0.5968723916514982,-0.5211585062054753,-1.719930892000005,0.12775358050729158,0.24473613936078342,0.9893573084221225,-0.22177657146754923,-1.166479312898489,1.0986798603161527,-1.238362222010277,0.9585546713032288,-0.29281318821722047,-0.5762204686293273,1.5976875125129106,-1.4749534141593617,0.5516344597964751,-1.6804631168181317,-0.724831616467842,-1.0479618003184001,-0.8261118481080107,0.38610946509513766,-0.22654017464654655,1.2593139432089708,0.9647529715386695,-0.6298610016662908,0.7875087235902042,-0.20254334609194588,-1.230729069561515,-0.24331413987050501,-0.3344564787966367,-0.03409462897648809,0.436378004965264,0.36380964611208644,-0.06248728492906376,1.4169844956685196,0.7760868804498566,-0.019870224729615218,-0.35296570488580803,-1.002473837309696,-0.5887909467984644,0.15865694739622216,0.41955794501182603,-1.6608196877280665,0.5698641632647217,-0.38621683284195124,-0.6516740588826926,1.1241099410022566,0.007399870852555782,-0.1918376436934233,1.4327152213208822,0.21196103731334145,-1.1347986410401514,-2.0351623850534373,0.45261751676229617,0.16865259078126654,0.38849677602149907,-0.771902456963308,-0.038005968450831075,-1.9428518287070966,-0.8427856234192885,1.2578472480392686,0.20588754428145278,0.15825532862471256,0.5270137065433522,1.5815538863046348,1.0455191912208437,-0.5746070479115649,-0.6607837780906213,0.7979976208464746,0.7477416042572053,-1.1066076906693316,0.6143299023520881
1662,0.6295635586703809,-0.2158789301123102,0.8069927267386602,-0.9210240645824955,-0.7244897990704285,-1.3420680030722667,-1.2257947493404842,-0.7619441388575003,0.7593040896892604,0.0644455621426221,1.4034836948576324,0.7351171762921931,0.48819866116099225,0.9069182237888336,0.2579247300478811,0.10219048649361832,-0.14592970211915304,1.6997341186871602,-0.022922679113032394,-1.1044157351942543,1.0634619405620918,-0.8300688566274786,-1.016641837731586,0.7194476936310457,1.2854254379279286,1.5544384332247227,0.21926369725779185,-1.192350744379804,1.5189964472004822,-0.6658051424618495,0.34837839744154575,0.6680788099427929,0.7736948331408172,0.24277277980725026,-0.34013586222282727,1.6302011048249152,-0.5762078988028463,1.0372554618561143,0.7096752788896731,1.103169010368628,-0.11433566085974745,-1.2636019347583267,0.047225472321863256,-0.7953309868180141,0.4644306961432908,0.22297052806522288,-0.827630823855395,-1.5823207079225672,-1.7255329002344661,-0.47215663257764046,-0.056657760613544085,0.5838972624720927,0.3315760778591675,-1.4274689357244323,0.11319980439885026,-0.3687492992005665,-0.31775079654112154,0.22709803888703037,-1.2790770469982093,-0.9672084336405793,-0.5912080764079058,0.18416710821245505,-0.5233505268210251,0.22200011479155343,-0.005991158457846753,0.7204622819607377,-0.6038923914729372,-1.3807822022983522,-0.9280859512188414,-0.4593907434769693,0.15287951134685862,-0.7530448648706872,0.2441325493905927,-1.033830741797068,0.027286408747477908,0.7619732770977928,-0.05959820833576315,0.7248624474020008,2.599144261869415,-0.4213102972723415,1.4753937983451035,-0.6580557627436405,0.4972214313041483,-0.6143605390948647,-0.002847676685006686,0.6617647101129829,-1.1582497483263827,0.4667879576181837,0.12461602586519399,-1.5283297154484317,-0.7683733335798436,-0.15201988422139245,0.43433085320091536,-1.5719227893572123,0.47060294485409526,0.247617509474711,2.1046136911248188,0.3457618896130463,1.0308010185902141,-0.1749916743423472,0.649497134385451,-0.3526967151029927,-0.5545145466553917,0.021531504192982037,0.3808331265380559,0.21325673122636618,0.43928159792971755,0.34980767173607774,0.03356763387080703,-0.0152807806430633,-1.1532348166089108,-0.7676580549868262,-0.9915879580287965,0.7689331533525404,1.2085076917330675,0.5168071936188037,0.750145837218971,0.8761091673334659,-0.9856073454495841,-0.702273076496766,-0.3171789905169177,-0.8010312678588776,-0.4093114366752873,0.45171468774645146,1.4633443071273935,-1.1091498823466404,-1.5134813705907255,1.0965152084978855,-0.4504966177768134,0.429028344538841,-1.0824024821699476,-0.7496384328051262,0.8661873067467855,-2.4425452804816463,-1.9223843288245908,0.8819811608948964,1.8075361593595347,-0.10714871795197128,-0.35359571534037637,1.682479119204028,1.0259671207070804,0.2736511269377688,-0.08674784116558422,0.22303623378964973,0.9286743911391973
1690,0.5730354011335663,-0.6292083240968092,-0.7546641660836423,-0.33808750548456756,0.029420041840328804,-0.7440420922799613,-1.2134224772044313,-0.6565923447260515,-0.9471977721111093,-0.22545510705558836,-0.48665279110967374,-1.2743036629962656,1.611242645284237,-0.6353229316391689,-0.9873770803862546,0.529433235946544,1.2460745671843125,0.6712513036495991,0.10170692564134974,-0.801942287934277,-0.47914444863532374,-0.9717513310521892,-2.9543972330909964,-1.4240762741636988,0.6422023523348769,-0.5851942209930254,-1.985455661322167,-1.543437794845422,1.2895601245391457,0.9869167144889722,0.6057158343737428,0.3112803145934223,-0.8889279589781037,-0.8679563604843952,-0.8239172949678611,0.8954066180692584,0.07190038353530932,1.9582110569027278,0.15952618138621155,-0.694964957070006,-0.18505674812779555,-1.0199107289145568,1.0334992485875354,1.0614000179177085,0.6941048081642656,-0.02023202528803642,-0.6893262931357927,-1.9791167952602395,-0.2991035173782488,1.1270804516867314,-0.8985447503429136,1.3844154555324328,-0.4631051133835664,0.5101215468642518,0.46222699705293957,0.4834541339452045,-0.1078977558898538,0.6765710795330198,-0.9773597198076089,-2.3520139366551818,-0.34588849908832536,0.2899375645835371,0.3778441185122323,-1.198289615876471,0.1178564252832367,0.26223760298676735,-0.10149070959684021,0.5448459334187666,-0.11772349146582017,-1.0949468670643456,-1.2608911362498516,-0.6554299465422337,-0.17190616918814178,-0.4791047296016165,0.11198179148666267,0.14570846921183303,-1.5685497911224675,1.483283241466675,-0.2280161520533761,-1.8751206019442954,0.818189702148819,-0.9345557590418339,-1.9091175764518793,-0.47238436074654405,0.9645700953679721,-0.1691807667926643,0.5216787466433711,-2.826039557401107,0.934205700085785,-0.9674762910395842,0.34467267076099245,0.351999357113748,0.5977077797305618,-1.191145726162874,-0.44913979912770247,-0.7194856902785357,1.206337455933116,0.9063441481067106,0.2538077255047232,1.4708701053037414,0.20025390686443598,-0.477840177579529,-1.6246757215215295,-0.5995021696725307,2.0803006479912973,-1.7816673960340192,-0.4972827207044989,0.17482886501314848,0.2347010909517664,1.4557363771021268,-0.6575341598556212,-0.5711394988266582,-1.5429088641540392,-0.6031576400809909,-0.6097657001300898,0.4191037692311936,-0.7472118990354457,0.5927387514140828,-0.3193776319107719,0.8178014956554225,0.5767586113358661,-0.4496997945636313,0.36962006451239354,-0.7022636035564964,-0.023020737299445263,-0.7119134048131993,-0.1433704223854705,1.2881064898399295,0.103470773104951,1.1324752344254827,-0.30205535685878976,-0.45686879214022214,-0.9545268673037905,0.23258236237440796,-1.8834878760292397,0.6789882664207015,-0.2522550329732019,-0.6709599836098967,0.7339019280032207,-0.0463414597113868,1.383708660329241,-0.8030214340179403,1.0068222435822678,0.9044265236798331,0.01565626006160928
1726,-1.2318984604152032,0.891850602746095,0.21402510614791778,-0.18714012909751382,1.4657601865889358,0.7785248151756703,-2.0241853684052478,1.815749235509208,-0.8873679415346624,0.875309201195767,-1.0152505502144347,1.209409993851322,-2.1598393445734594,-0.39531797791351103,-0.6741947522809977,0.1265002289963602,2.0021915971861923,-0.734564764423422,0.1149390638544008,0.021879569214888928,-0.5843196080835344,-0.42555907767907003,0.23496552925626107,-0.48552499840693913,1.2142017964999208,-1.001873638215535,-0.09400383094393547,-0.2197883234220085,1.5251900093843949,0.3944261654996203,-1.168314012032343,-1.5033716112344906,0.29836271076755655,0.9650289546457876,-0.4827000601850624,-1.0259090465292984,0.7981652772663975,-0.04913269715745548,-0.03812644300447297,-0.7276721355847173,0.14142981963792045,-1.3113572970371978,0.06651332040172285,-2.10160505519882,-0.9710825233539124,-0.3798163685367855,-0.16766911685772967,0.0996021367266619,1.4539365907672102,-0.1611394611536834,0.6320524658295648,0.06863062523778174,-0.6752227920420902,-0.20352717867605652,-0.4398877954059054,-0.5353525160861119,0.3313670404828052,-0.09806517941858531,-0.1276884347451649,0.5306231361894385,-1.34664195107304,-1.4038837346528508,-0.713961752495997,-0.47915846993207023,-0.12285668831326879,1.7204917703940499,0.4118883909084322,-0.48600830934002553,1.4266073892926212,-0.09150427726438252,1.1688872934903007,-1.015677591047525,0.5680839451051285,0.8844499080407554,-1.3259924852710676,0.37697749051130397,0.9887766756116488,-3.198252010949288,-0.40622810492252653,-1.42515661078196,-1.4958977995195932,-1.2110054258976275,0.9413694118058078,-0.07449382699731072,1.1409122595551067,-0.7565010062496434,-0.5501562793763538,1.4436109107503148,-0.8150953503000986,-1.6164690765045238,0.23054638187797175,1.8643407783039443,-0.6982825134191852,0.24967952352999176,0.14558077504315434,0.7286216828269372,1.3280386971076585,0.3239623339346983,-0.7545100429187721,0.39575804594092207,1.2565501746966545,-0.12125617963111872,0.47843399469305853,-0.4013778696300534,-0.2359615213468407,-1.2767113041110423,-0.8234739128082827,-0.27299793386645727,0.8243174244830498,-0.5533681023427303,0.40738546598016145,0.23161272946706205,0.3132288321486734,-0.6768246872938162,0.15520466909371328,-2.013054862528191,-0.7675901588136869,-1.5704761167539396,-2.058324794561522,0.1480571501739808,0.08245583665674228,0.18115452288309855,-0.8003693867643507,-0.492684834028406,-0.7846541297072475,-1.8487812629482805,1.4952482779755705,0.35876510720671484,-0.5742459590765511,-0.2941277495758293,-1.2246174265960739,-0.4232198556937254,-0.30898045489695397,-0.7249694749985768,0.21098993407765204,0.04980269987320033,1.5059751125784848,-0.04789667598140647,1.4191322073725388,-0.11049984453979807,0.2690436880341839,0.9800320929189331,-0.6427683170173629,-2.0486232938033657,-0.1907231321664939
1770,0.9299400585302707,1.4535314198199707,2.2417461234112865,-0.962809552754784,-0.4834132679348052,-1.945931631187321,0.5140498909175083,0.5837674303876378,0.8168970049782704,1.7259054650205372,1.4994479996310062,-1.1792032098095346,1.5804214222259672,-0.3826584377673637,-2.9156844352422056,-0.106934651005432,-2.5406358461839167,-0.16536237373352677,0.614183363070943,-0.7952312368523193,2.4007358301061323,-0.740784612371108,0.25758289998090417,-0.9703700709480322,-2.720502111459397,1.2520101541617774,0.234776376484066,1.9521983786062196,0.6550661113723588,0.8989287555066636,-0.4740927501272387,-0.5573079290883277,1.0681977925535624,0.46754592849584914,0.41789172873476016,-1.006444671418138,-0.2695739866940379,-0.1373276320348212,-0.5561299132411566,1.3373799582720793,0.30134680340053,0.19712652132827901,0.22400305897656964,2.1044205609748787,0.7928407190967091,-1.0155696374149055,0.8736368450334476,0.2945044680727587,-0.6670913034947181,2.626404147133521,0.18256201044962928,0.7881203059569477,-0.8161926021811258,0.6484769719400618,0.4640549395230463,0.7893209103695457,1.2218228789980123,-0.22554067704090205,-1.7133754101589187,-0.7022349880914825,1.291584848716506,-2.3389346780618427,-1.2427182984188654,0.5624280049371804,1.4669224322105274,-0.5627128836751526,2.0661720336638396,0.5804447546153139,0.04526591197125171,1.8039308105544043,0.16143183700054511,0.7070555411272716,-1.2608348921318238,0.23110712434890043,0.79016795639269,-1.503185868994866,-0.9175672621520916,1.4154245756196377,-0.21535923168159513,-3.0645859509480013,-1.0472429885672478,0.9380341929403803,1.380287787240884,-0.08332648083827676,-0.3622830693733251,-0.9165813562920778,0.23243357342949392,0.9111444110808415,0.9529644744420664,-0.001573861712139502,1.0585434608852236,-0.16748043748367802,-0.35453280630346096,-2.050640706702595,0.03847198670269403,0.19385846506208304,0.3759105342727084,-1.243644589614707,0.22805835635681995,0.6460550184094177,-0.2525434286887553,0.19534650974831447,-0.9147254439456515,-1.152006457202739,-0.5984237475515956,1.5503355676804913,-0.0763375518627597,-0.08202486758164308,-1.0922373950886768,0.03941246869380374,0.5846305637623124,0.4956136263172425,-1.6037273084953931,0.02494077782411302,0.4836495440686389,-0.042332538750879244,0.011434502733130476,-0.7187248297853911,-0.4119007081802837,0.7955252453010817,-1.9136665983627132,-1.4981248558898812,1.112181149554261,0.5613895354752185,-1.238140247242607,1.5410582186083057,0.2818668129568697,0.011133522120643944,0.6188683204338797,0.7064796026283653,-1.0043709224249036,0.6997342404663002,-1.1866729138333825,0.49731624735801455,0.7741528820959264,0.05071472553879336,-0.5756645296116498,-0.750026162084395,-1.2433881165921572,1.477046381779468,-0.09933724655049482,0.6109966048469684,0.4798375067255871,1.0442718392477222,0.012729530738105966
1826,-0.44842584205098057,-0.5392442968598317,-0.8469327254145537,0.3050689324450113,0.1858447698002696,0.16796107565007334,-1.1624828595798262,-1.847251637355224,-1.179288493215761,-0.9803996802307334,-0.41172683175996216,-0.585740897177382,1.604141097739636,0.4256862820747472,0.6299129860442472,-0.9668137456956648,-1.1999357125640686,0.08508683641482237,0.44803459584939503,0.19080370688345963,0.5822006463092433,0.991674178131366,-0.506268853456935,0.03156745207747705,0.8050955298707717,0.5928729033304002,-1.3505687768601866,1.1583501829983707,-1.1141465061675935,0.7921437324587426,-0.553113794081727,0.061311058446603825,-1.4720614737797977,-1.457836821443774,0.8856957742918354,-0.7383386180512774,-0.664126195056654,-1.0605535494616878,0.32711733222332984,0.450975227722801,0.7997346317681834,-0.09076821061622677,-0.41308973812873195,-1.8946042841195851,1.1934392843910788,1.1344191523901008,0.7231730461510171,0.5463804897482494,-0.3784915175688872,0.32572210176816746,2.4042470857471425,-0.24932282868546887,0.6908236013391569,-1.666427990771186,1.1078100517403313,-0.8150400673273236,0.2060263811448167,-0.6234170122523934,2.0082685117683985,0.1296618133431177,-0.033276464660505746,-1.898659498042575,0.42696082574822897,-0.028769955638446254,-1.1575823097032178,-0.9775474094885105,-0.4396556013206057,-0.22774897815230594,-0.3383770602133286,0.5549548360235568,0.42729727148323626,-1.561063250909492,1.3683480638897536,0.595334702283856,1.4034958550414354,-0.2617825797270474,0.21027622819805167,0.9763794325164182,1.0977718475617808,0.15874259050795733,1.197396472778479,-0.23248096658448558,0.35001788054514327,1.3282155652718493,1.3419793403248081,-0.4536521767091694,-0.2892529330193323,-0.41198507042712235,0.14032757765370868,-0.6771133143182766,0.0561870194336575,-0.6674200920089862,0.012104050787795934,0.2314657903887294,-1.9196393385380826,-0.9486240201724098,-1.3337757010209603,-1.161931361020943,0.045197296136183604,1.572844665735544,-0.9869159484313462,1.5013764796816707,-0.026079725931332256,1.1530606865470565,0.8033650132018211,1.043562622282911,-0.80509630700219,0.507064108201618,-1.4820760540147764,-0.4805897058726545,-0.45532128372187347,-1.628357167088508,-1.499177751354798,1.3240990212278392,-0.19206887670399506,0.5170314974466502,0.700072827467203,0.28890562088830873,-0.2580572311468522,1.1087563163446503,-0.1839192937110432,-0.31642143393271177,-0.008699805110287959,0.5719137549376149,0.9959271998470132,1.8549598614712304,-1.1109860279713843,-0.3424316312908609,0.7962531577600636,-0.8517252633674434,-0.04240243968092143,0.00828866892312471,1.5368196293415193,1.1117088594439994,-1.1975892027207193,0.04868169725640231,-2.2727106107563375,-0.040848940771189654,1.8590009602567792,0.05853115918647899,0.3611161518765859,-0.17848433661869134,0.3499593911300378,-0.10851955105122402,0.5259246314662772
1895,-0.3024695322481204,0.22495428552920949,-1.226246479417776,0.08015437133393108,1.6672720418888403,-0.6558537330201263,-0.8824840279257528,-1.775344971478844,-0.11541236277236165,-0.4435287418527658,1.2610789105750801,-1.4388923976432626,-0.8740609076852645,0.7246727994771234,1.6148887975165584,1.8234094571162127,-0.5284184557598292,-1.1393801660712821,-0.4917662904849717,-2.098717109765922,-1.4711025177186026,0.19758865564471692,0.0020117051133465257,1.0212278504813372,-0.28018660935437323,-0.6433022854345521,-0.7051019257895141,0.4005939818512832,-0.5814319098273641,1.9445889919876227,0.6820694340132586,-0.7034816412087533,-0.445171228147859,0.4057388603037354,-1.0955712259678179,-0.13704608844728156,-0.0009835493925437718,-0.3329673064068998,-0.06815167819243606,-0.1209654234005508,1.8601358101262144,-0.5921658642074039,0.7874501420004708,0.5857361624364905,0.24838729439468318,0.0944058757552338,2.2551503930153785,-0.6969309245802735,1.3389752160292945,1.0283366615004077,-0.6788136102987813,-2.6252036881104113,1.7118481108628147,0.3260711523109151,0.964037908678115,1.0935795976116518,-0.508970952942001,0.9478538473379433,-0.037756429100744844,0.46089028548797584,0.3841142076383482,-0.0399560094147099,0.30134675015688617,0.6523302635224562,-0.5133059471975945,0.705310572416575,-0.9657553092615176,-0.3347077470815888,-0.108019452315736,-1.1615609287109538,0.947484532907583,0.3498859108404391,-0.9153236337671627,1.0928676964745925,0.2424063696924794,0.3517383139884355,-1.6713604351171252,-1.06750210190398,-2.701703088952287,-0.6559453375611466,0.8589913275294369,-0.10126696487181536,-0.10031836112091232,0.16238241634011083,-0.5746661335336348,0.49557730114653814,2.887796417140272,0.4068670006339873,-0.2445475482261136,0.5361799023099468,0.7605777972689383,1.122090379958857,0.08440452697547883,-1.9898755847489533,1.52249892588429,-0.8031686856253563,-1.002376215243961,-0.2726817497331519,0.7696418145245663,0.32763619919520665,-0.3174149713718711,-1.0298249821278689,1.5427604931482333,-1.1670042984503608,0.803240074770247,-0.550163181036672,-0.04398079181088081,-0.04904394265119369,1.138114557887595,-0.7906530293177907,-0.4129439680409416,-0.034671998994743755,-0.4047777131257137,0.32861096143159185,0.8507120105639044,-0.21048860609348036,-0.31844860271282766,-1.2361745105912691,-0.7037534441466007,0.08148508568050322,0.6387679625804993,-0.3028688545902747,-1.8843320493559865,0.5245079290708187,1.316097239392146,2.474120867325085,0.10146217995693195,0.9187879608340204,1.1649248057320807,0.3979179292153606,-0.4282094487606067,0.3143231869237793,-1.4568822445726792,1.7152889308532941,0.20369496370477788,1.666415354584923,-1.2526928669789517,-0.6352595640589788,0.11344877029210178,0.08183331144630514,1.2458388585097668,-0.841767704908667,0.8234403782293823,-1.402897208731512,0.8633988347087085
1982,1.307729879240007,-1.8126543772585577,0.5905688808987486,-0.506294093598625,0.26404566364270415,-2.290456129695767,0.4493329004093066,-0.17640880343829227,0.0790353209607944,-0.054416218314392834,0.038067797759260426,0.4841735631255353,0.013016600929261131,0.6036808018297971,-0.9591303332927094,-0.6253777428056568,1.295223847096907,1.8235727678291487,0.007235995704521909,1.6746362498952656,1.8691620973073801,0.6584351055459564,1.4971270984311726,-1.659449202934235,0.533342314641216,-0.9660256251358635,-1.5484380915174936,-1.1102667870463816,0.7480713646340789,0.9686420612308635,0.596633368409976,-0.28269982968670665,0.5923658437534234,0.42815930922758666,0.634482761023035,1.7419826515314323,0.30112457184670227,-0.9662049166673435,1.3431507275284102,1.2840231834100961,0.5536202740813775,0.5575745461828489,2.141420312419917,-0.42425909526317807,0.5653106794066063,0.2847185288205252,1.876937767571046,0.7274746610416235,-1.0366856245681038,0.36866973624291344,0.3712058645543306,-0.8511474114145682,0.5515109219883183,-1.9810053768392029,-1.4192310282144163,-0.846939639228686,-0.4725823566312148,1.6599430238823933,-1.9423763035068407,0.8753222198391686,0.7715695700668593,0.7265476702669107,1.6897546729382806,-1.3536458839796501,-1.9129564746880783,0.32584732581156467,-0.4631676059332255,0.770874793711976,-1.2677004385837989,0.24481022863837784,-0.0184691171298983,-1.7659348544424716,1.1582940248405553,0.2422152730105481,1.1425003215812182,1.36838535676282,1.0373464517286841,-1.5843095654365256,-0.11396014148670945,-1.2692272516095215,-0.8541692577478148,-0.9042923818906807,0.7440682335415547,0.3399981132367446,-1.465101385553649,0.034993819228255715,0.6430707371878166,-0.151984544935335,-0.4704815850260478,1.9207124314175388,-0.6942493202905698,0.022818761155900702,1.3261466336435208,0.3428721793027157,0.8473141355929991,-0.1414850005525553,0.08405604651539006,0.9121390942194882,-1.16586694983392,2.1334381947923213,-1.155749005228244,0.6099954310494068,-0.21947476132660484,-0.2043896074575602,-0.7753889977404279,-0.5436906072579923,-0.13758819719860627,-0.03349613939290601,-1.225405386549895,-0.444121514171016,-0.7278282528482145,0.563399849394688,-1.0107199001954548,0.6199282044329718,-1.7933391178622193,-0.48394673094958723,0.8409352541332435,1.3863825226901234,0.8777759895696653,-1.1587753706582238,0.5370133725624779,-0.97181961626581,-0.4708447704557389,0.7260380249478362,-0.4626763850927644,-0.06647043263467947,-0.4672546500919054,1.0574047224467156,0.18856137016398095,0.803399918961984,0.5630242822217618,0.3655911855721578,-0.32120464710137825,0.05064490980671335,1.2587554334935398,-1.6780237617014035,-1.0912030910145327,0.7239119029067085,0.5591223427466365,0.6330540018412227,0.11801131384123105,0.5269864426262212,0.08466011656608656,0.9625113130962056,-1.034088080033664
2090,-1.8813554479883072,0.4802417041704608,2.6070522940709493,-0.09415688081214191,1.1957909065366557,-1.2134774205922976,-1.051389656580296,0.021958174131579068,0.2710986134420811,-0.9777936811225094,0.7516272266604471,0.618339814437321,0.6194463841702506,0.7144119343274069,0.2402963564276631,-1.2585143802682928,0.9091218991029772,1.6411040629471705,-1.1273227613890824,-0.2320156090333137,0.7228979320724485,2.1420752495274176,1.655527425322564,1.012174138219203,-0.447096529443025,-1.3344235207338908,0.09020945284561621,0.335111628790759,-0.2960772690648798,-0.10964746669853669,0.11364020308020116,-0.8770130599297455,-1.3651305673450895,0.7775367848884981,-1.7758275114327935,2.021863914281109,-0.6274178600067406,-1.2884032601514617,0.9628944129992733,1.7414344264386012,-0.0852922455603075,0.6666421493536488,-1.8712964735436377,0.4353821006261169,-1.2914451639063156,1.3467431016937943,1.63498790490492,2.2727240138560267,-2.1071832548267104,0.7687455903380765,-0.34136730700142975,-1.8275505790322557,1.6367636056643982,0.6441070750798115,-0.17534727965355265,-0.31992966595071826,0.7121973491417125,1.3646843672182218,-0.39406457264933403,0.9743244771193483,0.5748022224032318,0.9650802757980587,-0.11867450196323813,0.48907171120256854,-0.1231481758036056,-1.4069912447901722,0.7354939263317106,1.3390617841309624,0.02042317832421143,-0.7588891979610295,-1.914528171817363,-0.184536971655332,-0.44468805292242203,-0.8809215095553342,-1.4373487222767944,0.5384445908926565,-0.07962738280400027,0.16102166171780158,-0.8535698065335773,0.276553230059237,1.3342827332688736,-0.4163857999468409,0.07408388673761056,-0.11376307951919133,-1.6839766838582195,-2.3292602346493205,1.7516725343806412,1.8644086566759868,0.7638989008916128,-0.7369220964583719,0.8984679872022323,-0.015633836700682347,-1.1566002402186921,-0.16312475524815387,-0.0103629907231741,-0.036584054449350985,0.8079704382105993,0.33056606215859125,-0.9986401519170965,-0.28608342176058615,-0.4715458906983303,-0.6245142229066093,0.9960068669993316,0.21923505476041474,0.5092985264860954,1.1680887313476913,0.2619215899928432,0.43124062105639877,0.49312418131093644,0.3153542567305813,-0.3024955922236041,1.8898639206015178,-1.9748175470180969,-0.5090144072670811,1.7969956670207097,0.7334173167716169,-1.2906891642931904,0.8000608512211305,-0.9482935843878376,0.01919795504012103,-1.7632204550986326,-0.2649403895019825,1.6987763548240113,-0.07198351942358662,0.14508555099657455,1.0423406569895286,0.4083217365868366,-1.4335204574858047,-1.2076598782304575,0.3029816394354685,-0.7420428613598313,-2.174074823442293,0.7500227929545804,1.3179697069604928,1.8705271961265235,-0.8920822548634563,1.6679489137014663,-0.04395682110493809,1.0496746294648553,1.2349829395257812,0.25741530590386774,-0.03906382430612723,-0.29957270744959613,0.9783830647736971,1.226589490053048
2226,-0.80001128037596,-0.9680254320598533,-1.0696861765639163,-0.41234589512377157,-1.4799612155640005,-1.3993161175174034,1.631952153917412,-1.4760617544176153,-2.0475707248840256,-0.04511254767736968,1.1236711729097562,-1.2628983245859966,0.5666442487250991,-0.4671007357702346,-0.03993960888871272,-0.7875660333014292,-0.012798854425398543,0.09479047835375164,-0.2591438736964871,0.7434038522526336,0.20411149851857618,0.8826377713405371,-0.8237544263863488,0.927144672166633,0.5917203281658567,-0.1191977887888616,0.5536198838978399,0.4143921017871661,1.4814165711637655,0.6082541112178231,-1.2185682760773886,0.17725855631816487,0.41824159896277474,1.193372537194402,-0.6953616515183535,0.40046115753274514,-0.6992479018204024,-1.5608878898891294,0.21032778786461484,0.8796393009093689,0.5699420317706424,1.545450823311616,-0.8299262318556818,0.4724720205277092,-0.4463310972612933,0.5624391210299179,-1.1539832833228953,-1.4302148168767952,-0.37297355957019457,-0.5567732408537507,-0.8168353479084649,-0.012200845692165417,0.1338572452808989,0.9844916911619289,1.3521346459705346,0.6160580957225412,0.43165513328709515,-0.4047425586918828,-0.06764370915579822,0.7673991671464436,-0.7145919005705973,-1.3358542639116484,0.22230634053842657,-1.0336028918923024,2.2441181189445967,0.4560634798899949,-1.1253589495806842,0.5845119977263331,-0.04848871289466267,0.18449586605564078,0.3178973459086426,-1.3162448238627495,-0.43930298577694316,-0.540392275147184,0.5900272706141575,-1.0480243117512014,0.8431382368917357,-0.5866651638356591,2.1290121706040743,0.704879938442653,-0.4018099554028589,-0.4065418345115059,0.02558452006595645,0.38142062976045615,-0.7674062238466096,0.14640613051419415,0.354181198428568,-0.003443823415735349,1.927947276946118,0.4174162668623072,0.49425760686795756,-0.802886095668675,1.018323040226572,0.03951942799173216,0.49485810223199517,-1.2823065726450942,1.4458631651005505,1.8855973515957494,-1.116085065634572,-0.6433838692394218,1.6058524034715123,-0.6020460260117433,-0.8007200454842521,0.40114600383210136,-0.9440176139273717,-0.21845023876654832,0.6283023210170179,0.4966020884499805,0.7434590557471895,1.2333730024611065,0.4987766835859908,-1.3263447177061016,-0.057228475009236945,-0.06753865295550233,0.08483734366640526,1.3297751472961121,0.20495526389960564,1.5048641629021955,0.8301903797405564,-0.3666017314727984,0.8739908218466279,-0.6690462583989837,0.13529957467998346,0.3440352931923453,0.22708310111524035,0.3243367149180794,0.6802717165969898,-0.12929260246602292,0.6099561693472084,-0.10738993163184904,-2.090281943934172,0.34349926095090666,-0.04795304438922943,-1.6485649456274563,1.3626723977884116,0.31519921894975256,0.40891207204522756,0.5020890740614126,-0.6721112394122201,1.530549405554735,-0.40264897954224127,-0.32591898700352673,-0.37268454224789793,-1.5996410010664788,-0.14117139731178205
2395,1.3292064419508038,-0.001987702987888929,-1.267973888124292,0.7479584213691427,1.3020583588790904,0.0020187051026502494,-0.25269813665810026,-1.3483646014696953,0.045630945129814804,-0.7178672142055776,-1.3608851968983156,0.07450105997633243,-1.0869814269995317,0.697755204477825,1.597068245281393,-0.19957333070501754,-0.3388302062560393,-1.0460840626195411,0.2275192478089382,-0.15967508863080326,1.2052667413128002,-0.1466873716251667,-0.9496472394736624,-0.5020301451437137,-1.4929219841719465,1.6393629678361659,1.3346982898285447,-0.7394808997170388,0.6253705968503535,0.10813399398199344,0.17587344559805448,-0.47824256961162664,-0.35228849310232035,0.339485503977503,-0.7317508440624724,-0.0617929436226685,0.1076210017292423,0.3219508300773195,-0.06909956172984397,-1.1247586948984698,0.35783352701945953,1.5850128074347514,-1.1090023665827935,1.2151386864887253,0.3945243229074844,-0.017826157883375552,1.5319807509447287,0.10835184753080446,0.5867644829903389,-1.2456474793169887,0.3053239893075,0.8409044061510087,0.048191272435443806,1.2607093991242617,0.4258259242915979,-1.2614422986487908,0.038149213389842083,-0.02262129363546919,0.822578443187215,2.1945675760001113,-0.46049380482968066,-0.18166787729609907,-0.988589639045707,-0.6151367547327921,-0.6345072057642419,0.2333276973428409,-1.4091317168040471,-0.16703347022222972,0.3321942348399618,-0.9510959327410654,-1.3040623355820558,0.7542012529388208,-1.5305795753195148,0.1975799532239568,0.2297015677520891,0.625103337330134,-1.1889892601193603,-1.1502323129090286,0.6620382370420003,1.08217905548122,0.5832285820551071,0.5838963126785972,-0.20529610688734215,0.0938319512451985,1.3184645099170735,0.5256639534574654,-1.577076040269446,0.8224044747006944,0.5861697396870699,0.3581887471420554,-0.1590378535478196,1.039293270014056,0.08742653537141473,0.7801524531145547,-2.2337327456103746,-0.3112021394601158,-0.30048241792135255,2.8799017663996254,-0.36841383450262116,0.5357986522570376,-0.09465237885533914,0.15937847855340317,0.1689850624084272,0.39973730830921667,0.42948557132597404,0.02063154991448552,-0.15040081165506813,-1.0377402563841631,-0.15046871107576834,0.14926626435425477,0.41458184463804976,0.4739546011019311,-0.5742100283451075,1.4056971233999005,-0.9417121606769039,0.5062184284390054,0.9831266029333993,-0.5171290202553124,-1.098227904165052,-0.2789610505385646,0.2619831843319445,-1.5459595113863507,0.32359090509761684,-0.9054032774099522,-1.298411933886453,0.13244165540625571,0.45722151303785413,-0.06389674788518172,0.9719414003996713,0.6544346584740641,0.3267520048722398,1.8237945499545785,-2.4122536411291335,-1.0031828281091983,0.4736569994153955,-0.18389227114360623,-0.9314695145517102,-0.13163599190850295,0.06775168013870028,0.4978831838000103,0.7212977560013506,0.05503540865578034,0.2473815158935348,1.2584497650274469,-0.4690334044612968
2607,-1.5225329537749261,0.5591012208509674,0.5382535984184741,0.8150006090260816,0.48868259923337554,-0.42933833352160816,0.5585358473435542,0.3958532603401098,-2.539314717258269,-1.943031979173046,0.6252818165344581,0.5472076314398749,-0.7966405989639619,-0.17117939559216538,0.9831494458360883,1.0478185837330989,-0.9420500738674825,1.5178391246949547,0.13946540183965458,0.18770424214886844,0.3230245565314691,1.0824259929355553,2.5641895414994167,0.06638960161020269,-0.1917531996708984,-1.688214999223476,-0.10022576112906927,0.12403398431888242,-0.44359436596830476,-0.16536196062710332,-0.2892441693882343,-0.29191929135336053,-0.10374693002848674,-0.9097245553623938,1.9299245048736313,0.4692909200911539,-1.1495424038128703,0.32473291296875834,0.16954811231025932,-0.7142306782558964,0.24965080436113504,1.362089116583703,1.368800845004112,2.1874527872872833,-0.5811145747574352,1.151763630800104,-2.4993392889834207,-0.5354150668475431,0.2629506135970872,-0.1907110004796291,-0.034974480702019556,0.5969351711993782,0.6290196255770135,0.2640887612391748,1.471920311791412,-0.32806251971521266,1.357915538506341,1.7699639863160819,-0.7787434668284583,0.49629517646138527,-0.5694192274646572,-1.544626732549648,-0.8124654988899012,-2.127992933249884,1.3302713509709776,1.4387866119090202,-1.488729750049984,0.18450264145087694,0.5946896527351484,0.7193763771224118,-0.08605327441417493,-0.5788128756451447,-0.9108940930518614,-1.221504935269233,0.704298220991856,0.07601293864526819,-0.29412488036444123,0.8419951017398762,-0.4584708667768321,0.07467479770185753,-1.615570749180621,-1.7403369708478365,1.4251509908285922,0.39459892660099827,0.6979757380644613,2.1997511045668316,1.9627556246894355,1.0103635825334458,-0.18372428004233143,0.9636275474267206,-2.1745060261993503,1.2747750214749602,0.42221405167418774,-2.0781197859576777,1.3042760226537684,-2.2847480363682853,-1.0142252142853323,0.15651004758240833,-0.09763534134361149,-0.33789107907427635,-0.013773914487834351,-0.9728995470344957,0.7373014054414907,-0.751733190363448,0.2224258969568816,-1.386734941614746,-1.4568771343092526,-0.896461659482003,0.6552228834375974,-0.25681372960567567,-1.2162734836497382,-1.09999931561915,-0.15565306106396878,-0.933813434024986,0.1759846294331145,0.024659116312170753,0.4052681622699765,0.133439491852296,1.4963908142746072,-0.4018543901541506,-2.45672899862048,-1.0274911909686175,0.2934357994579967,1.5782275732951272,0.3317025020335252,-0.07747348922093021,1.9268763472089032,-0.10723182000770728,0.7322519552131873,-0.35075514627079957,-0.027879438387559005,-0.8483664195285651,0.6074785824772376,0.5840496766319434,1.4125617731263838,2.1992844116559054,-0.7252325227143198,-1.1347305414417765,1.0846905561236364,0.9367562509795276,-1.4747732106640246,0.733369767126244,0.18762484161157725,-0.36115005690492974,-1.2142575492229948
2871,1.4799847191526958,-0.2305711668893682,-0.071727960438147,0.9118714106842817,-0.12940241731828017,0.43119787542630184,-0.30616902329267914,-0.010424672549105935,0.742645182977969,-1.3666074381223603,-0.8836510458556742,0.16844153842108983,0.10806216309362983,-0.22829147125785906,-1.5860459041485677,2.0563327647756418,-0.9474957753211528,-0.2498789780774666,-0.0023142565175441362,0.7320708547671259,1.337392370556877,-0.7252849917487191,-0.08327049292747998,0.3396319591081094,-0.7916458269344673,-0.31038264402090704,1.718107894128752,-0.9558543008888205,-0.7050576112081625,-0.4912559461526756,-1.1733193881404524,1.4270989648412729,0.3947865766395763,-2.439026128595021,0.09796214703145323,-0.498555156857385,-0.3128466999121318,-1.873211437522121,0.046877563668611205,-0.24875977075968972,0.8863148203258793,-0.6937531933553176,1.4536501553337233,-0.49429550561547236,0.6495265819568447,-2.206572289692492,-0.9342186852155681,0.0009553072198558681,-0.27751688720066825,-0.31482922265779656,-2.4321727374912374,0.0026341327680556867,1.7109594107688606,0.5287496720787882,1.7569101311495423,1.6864120329082781,1.524100182695963,-0.6288477154553372,-0.17627704652589113,0.06396204978681509,-0.2222243330921113,-0.026161558245561323,-0.9124132313267312,0.9066168354273568,-0.43026451896500545,-1.3711015330824394,-0.975163158454427,0.3264343768233528,0.6492993777042193,0.5851014933784356,1.03722526439112,-0.8058941754555552,-0.06734755595370251,0.1588582677527788,-0.14292542694114405,1.2373867496382112,-0.8480776809867306,-0.4506473017449952,1.1473953120273024,0.033862101233851236,1.7388100160930093,0.08058973116065613,-0.1047771591104771,0.5852379100895707,0.9730390559204537,-0.8445552449083077,-1.2210528332695756,-0.7837643068267497,-0.9550044716910231,0.3209111937444785,0.7686950564816412,-0.5741501185548492,-0.8418796974236659,-1.555095474429593,-0.22960568593067376,0.3383669677006448,-0.23776681020133963,0.26379239019310796,0.04530476315557435,-1.3223736519337228,0.9572896666136765,-1.019095112853187,-1.2900128664224406,1.5349153800951811,-0.8824302190006914,0.6300351145986343,1.6068280922783287,0.589026825251106,-1.4885215316941995,2.1150739971124652,-0.5103770878575575,0.29350572928254115,0.9949484484260868,0.44833219337269037,1.2169756569751693,0.30857706314604705,-0.6844513253870971,0.5000518767677697,-0.12900986830968217,-0.04047780294730847,0.8589328634063655,0.0996027048312714,0.013992116813182041,1.2740079389769843,0.9030252615214859,0.8709771259396091,0.3519165292938942,0.12202500716353602,-1.3247280460603483,2.5230407600803173,0.11154576990468174,-1.3395039406189861,0.3789922422365992,-0.28081087174082076,0.10110401490492386,0.46081201238378,-0.3001879062246412,-0.8779451946546647,0.1903383230222196,-0.4503891038185097,-0.01751466730571431,1.5838804513119467,0.8917807122857997,0.30776937887490435,0.4356380424208018
3202,-0.08675906533661343,0.0362873275710881,0.6091753664920215,0.04743665438467378,-1.0283766160287928,-0.37313713219847217,1.0971535203110405,-0.45411643723083917,1.2942102617218783,-0.0931650845199026,-0.5017442503302679,-0.4851028516084815,-0.2073160051923027,1.2272857044553578,-0.45697425202781905,0.1701281465846804,1.0019646748998203,0.33602748143179223,2.1210742522409225,-0.06475994487880217,-0.8242768144665938,1.9428138232387964,-0.8176018598183546,-2.1408086791688556,0.874050789410251,-1.348318444692208,-0.4474092272038965,-1.5175360134149405,-1.7247454570943612,0.48380314785940326,0.06332007521910345,0.8073391196451603,-1.4286902495855411,-0.2683249768958949,1.163130533556764,-1.037995927849911,-2.071499028014029,1.7891207388377655,0.9471138180092692,1.439002079228286,-0.9899602544717935,-0.7822691277561471,1.436868849720893,0.2517437332960211,0.06463356897157305,2.8519480939067,1.2134687358791274,-0.20933255567393766,-1.7269358247952245,-0.37304511972729215,0.16512831388755977,1.7122328734904366,1.2260217615533,1.0984178674554992,-0.15438479217817347,-0.05156594053192274,-1.269443003403641,1.3279387400239666,-1.5804221697729113,-1.3293924399257475,0.31020976762966446,-0.1818988380272219,-0.3017682993324886,-1.0651279866511314,0.29262053275652145,0.555484781856864,-1.6531963469691622,-1.9263900258494582,-1.8400996569728345,-0.27697748909947906,-1.554105436539508,-1.6593142802156482,-1.0635149652723004,0.05273471752885493,-1.399412627821258,-0.4989355606285002,-2.6377742909896478,-1.067962229491689,-0.19928679635938612,-0.9088826730398677,-0.10953922291814716,-0.5482535327075275,-0.02162354783356017,-0.5912496642111225,0.948484529702859,0.004680993973223677,-0.8304329864720809,0.753151882100115,0.020836546598177387,-0.36021569532503706,0.44696673463032494,0.23336921846429814,1.3013908043542315,-0.2819313896196687,-1.5340847224269931,0.38818543457256455,-0.19272630654376857,2.8240829496446986,1.4395370321679324,1.9657535307653664,0.5422978944801304,0.2607407813585488,-0.6790331554441611,-1.1270789183112409,0.5687556422788416,2.5611852643420323,0.21424753482846706,0.7907861988176137,0.547246476711854,-1.136363486210666,-0.37135942462601984,-1.3604971562960528,-1.6300233706996696,0.4753202040588167,-1.0636957518118753,-1.1361620723846386,1.3264413467194933,-1.3794086530569831,-0.9297145202434821,0.3474282828055945,0.06922147749816718,0.044849762385709736,-0.3860678337409939,-1.3459510257848157,0.0230548045309431,-0.8352751840361559,0.8618682401967737,-0.3457613807631293,0.9416269623017388,1.6289752545982,0.04390175949620096,0.8466486675287213,-0.09202814472839232,-0.3357984143376868,0.9297594324666506,0.43448269324729055,-1.240507398124268,-0.5462527722045546,-1.2405823484138285,1.6145043735078133,1.2233273561811489,0.548745342978983,-1.1444750674727213,-1.2826533787373748,0.15688962191670106
3616,-0.08385206827945672,-0.9221654575161078,0.8155320382694624,0.24247911023452337,0.07131583203840708,1.157683152074574,0.8498000872618584,-1.2227779784794315,0.7574285321247131,1.573341702983306,0.8152270499597257,-0.4999915885200203,0.9342912425449309,-0.250321076606302,0.4256283242385535,-0.6821767072833057,1.6699730260625936,-0.5488332875272133,-0.21755040906757353,0.2745222965992002,-0.4419796664452658,0.44878276958555224,0.5848487852450296,0.5540071510819137,1.2696312626122284,1.1239507524213004,-0.6242228343442133,-0.494668140105099,0.06979359509306737,-0.39104687776815483,0.06496884858969838,-0.4738710311865312,-0.5568303076040967,1.0641788071108478,-1.8881087695856638,-0.46386821388919286,-2.170828488112652,-0.1692474105364107,1.084753950159101,-0.3984701809308499,-0.05991337505679446,0.42315887364644195,0.48835161820357204,-0.13149610442472365,0.5472978796275124,-1.0168648901288608,-0.6119659345612544,-0.0636143981427583,-0.5618295532561968,-0.33876510256530706,0.31749002226666073,-1.3837863504376067,-0.8515493324151849,0.2923788433677657,-1.9801220439265506,0.7989565115664001,0.033046539860054326,-0.9481298322085894,-2.194471937777545,-2.017390689842364,1.0310509505230918,-1.3728468009648829,-1.5625273339209491,-1.1438011918088204,-0.04974255838499338,0.8386671144255576,0.5465919162995416,-0.7188154779449543,1.6263656071585615,-0.2970914183798037,-1.5650037198695028,-0.6957267798769986,-1.1337926703584726,-0.05295823039521565,-0.2560547450713987,1.622247097061702,-0.21066388601457536,1.4637217134478833,-0.8964780637131226,-1.0860237707576914,-0.7872912394610471,0.21229574231746842,-1.2722650073298152,-2.376956452160951,2.198197434834525,0.388219345949317,0.24269912320108233,0.11924731126643355,1.0692838298142735,0.7734489240610362,1.3770390744365821,0.38196394403041933,0.8482898261108384,-0.24517372884498345,-0.3658994609902051,-2.690083637650286,0.8540415009129402,-0.4855627060246468,1.1752685631928759,0.009831196346346884,-2.1211418571191283,1.6030405921195596,-0.33693235026235774,-0.25742045222979626,-1.3203726075581697,0.3117583578420073,0.015412408138637815,0.10590506769630303,0.20744207688774757,0.02723417311416309,-1.3493610664980797,-1.3070954116387725,-0.7546142010176959,-0.7354166939022856,-0.5009435112263282,-1.4348035975179025,-0.9423550293340952,0.8483602131290555,1.3183715573956707,-0.4360834022616679,-0.5930153780241498,-1.264956262812224,-0.729748880028439,0.7594971551313568,-1.4121620523708671,-0.687785046000563,-0.08060748091751567,0.0691619598853308,-0.6625802308680623,-0.23563227831968903,-1.7596540529813078,0.7752700305273857,-0.08624757483988237,-0.04388794360980906,0.9074420409172511,0.4736603699813087,0.03111620283304979,0.736649142648692,-0.6774866616255348,1.2319198583936306,1.5390213925767555,0.31718015178854986,0.03844090047596608,-0.9109905591765113,0.14791173509830147
4133,-0.5403406930907799,-1.094186082903791,-0.35326505743395914,0.4549541220725181,-0.3478650818328208,-0.2909160270630791,-0.806205588277553,0.14253119710818146,-1.5537464879729164,0.3126166570262113,-0.17641610450948444,-0.2699001658734605,0.6328337744385839,0.45765578764135334,-0.7058967678530342,-1.530725979745884,-0.5484372902772624,0.4036453020178906,-0.5180318207930636,0.9973654808793733,-0.9296693527800726,-0.2011967699572136,-0.09470661072072535,-2.1764451407317074,-0.5686060372185371,-0.6733414019442022,0.9738009925144167,0.30782773907102573,-1.1235383632747267,1.3436030480459251,0.20889066536424294,1.4724533540889695,1.655898708662728,0.9940529793193196,0.614788029992508,-0.12483369498551793,1.142293521242502,0.9227317843085422,-1.0114459422576876,1.4344170116563908,1.6332549490805246,0.99799497358298,-0.7728876997451931,-0.11418376055137748,2.4308409640859634,0.44997037455616834,0.22162978000151495,-0.17580237253303097,0.3974681929278757,-1.0823095033909982,-2.0922416028151107,-0.5144747889250357,1.1236200627126316,1.390659801619979,-0.23306065123650088,0.4231253683413325,-0.5163225230911873,0.2853948309389583,0.2387724984093642,-0.9351250625403624,0.2164319219881529,-0.14083123070152426,1.391678772024832,1.6931400366053178,-1.4689405090851735,1.5775482538085075,-1.030010295969447,-0.5117604469447907,-0.720559421191085,-0.5509381751252141,-0.03758041889278232,-1.5695109436746693,0.03327985152324112,-1.155505971424557,-0.9380239681688536,0.49754968899235424,0.9294803138481804,-0.2838494993644952,-0.3357945592917927,-0.4070351663657,1.6606213295006436,-0.4464573104850073,-1.0592316712806462,0.2763498451432493,-0.9639064285565402,-2.6664254807253642,0.15380073538179698,-1.3379935398193168,0.027569918064076212,-0.04079287180980663,-0.48272418986796406,-0.12881083584802958,0.0032456154384301983,-0.8936221909092018,0.2786595460145757,-1.7975637062343257,0.7771075160839934,-1.7336601634613886,-1.6520599554556197,0.017979560704392883,-0.8893911917114035,0.6611448075848438,-1.1357695993390833,1.6398993317929151,-0.70595694246121,-1.2253582207087552,-0.12930207678425062,-1.290267187356732,-0.2475041255222501,-0.22320460473419704,0.9507226251161532,2.2929920186727437,-1.423338547225967,-0.19793931767740047,-0.05944248946153242,0.6289228240191999,0.911633375239085,-0.0017025159160885494,-2.5435392949627205,0.7476492563546933,0.4647077711107993,-0.439762624185478,-0.46036472288394237,-0.13263624842256896,1.1662885239309517,0.5849054613894599,0.4044486219590568,0.0704399891282809,2.015020874843289,0.011583451113774098,1.4516248529461593,-0.5017963728159278,-0.08855086280306146,0.806075069265352,0.10274761982745863,0.7662753742048236,0.1191999551041845,-1.330223630458587,-0.12786929190486745,-1.374385718817236,-0.6911431835573412,-0.8080111542852421,-0.8938950249174616,0.6971397414404781,-1.34891998155705
4779,0.05802047649739712,0.46277775169143787,-0.9449373054978424,-0.4405688861535382,1.6164302649131945,0.4334189018317668,0.9320586176544032,-0.4550057130890528,0.23173026315012848,0.7928318550048431,-1.0348583136260179,0.07933458084152471,-0.18262698575356537,-1.4718976844883191,-0.4289859871326553,-0.6329787806266569,-1.1337697718226918,0.7376900965902831,-1.3626992527062765,-0.16368336607195783,0.17206319983032725,0.8701987587639765,-0.640892966626814,-0.21292345476043792,-0.0987221296115432,1.6596833429276365,-0.043074106097271504,-0.3683325061936418,-2.0426089568016628,0.4220989981585955,-0.51586924017969,1.7738174797582578,0.7212797233607917,-0.17075490590819534,-0.4516762582527947,-0.8231989869501802,-1.2437206356251458,-0.9207960181843391,1.0687948217811118,0.9019422888069943,0.390709309855581,0.015994556701552958,-0.22949951607014804,-0.9974264953337686,0.21111625763488373,-2.4379620882213953,1.0105835626063964,-1.1505899928235195,-0.11061910436894401,1.7488849094831973,1.0114995595941043,1.3107058473874815,-0.89527177837832,0.4050744107659165,-0.9828926298987805,-0.40320056222204687,1.1935951189494818,0.6453601427315082,1.2717142356574906,1.2648273840608086,0.8351088116054934,-0.4397359662015125,0.9111798702315747,1.3828067453234618,-0.07642819996691329,-0.5359544465030415,0.22803467902896662,-0.45904347230326037,0.22619981818301768,2.0815394759317223,0.7733533596945539,0.6724862879125295,-0.936263003229526,0.39184209969455164,-1.5384448480810398,-1.632178583395499,0.3258030654805192,-0.6204859371598398,-0.40667239966773605,0.6577840441272902,-1.5185669343759436,-2.0052296298110694,-0.6646173313481705,0.5292327340486057,0.45262586703659496,0.2894534802067503,-0.4618104609827797,2.2470012446690077,-2.4992321139991125,-1.0426538248721102,1.0616771264063003,-0.7318246925209978,-0.09641282374052104,1.270245715606518,0.19424947521718794,-1.9969582688379441,-1.491174451426758,-1.1851640808679225,-0.959704222756369,-0.19667177424841728,-1.8953883373217193,-0.8982717766550204,-0.27282023092145236,-0.07866139279711744,0.40163445619659655,2.3875271401886278,0.6703596776486569,-0.965047721725575,0.02504851752576298,-1.1761067425408192,2.647141760525437,0.8571666017528385,0.8132449351024057,0.3493376342490581,1.0585119912385073,-0.9210602036006321,0.18922331145010984,0.8373746106859654,0.2831620981843217,-1.0016068845873853,0.39538449368979817,-1.3180979146429481,-0.16372789407431876,-0.19338088210917911,-0.8458553859531291,0.94500589857215,0.5244643865690336,0.21798562312460962,-1.139613107247916,1.9807421751859726,-0.0907921220525767,1.6686022521842692,-0.8613017915203961,0.5890204258112083,0.8936180335408123,0.7609363198554808,0.3812289683129196,0.2309076389611187,-0.70072149210951,-0.06471758251142797,0.37921254485958505,-1.8844749351363996,0.5944435553614023,0.6281831472245129,0.411794172067876
5587,-0.40593347884761094,1.6238767182494254,0.9206086832488892,1.0701606988905004,0.8622122545409766,-1.5762717143386393,-1.250650442171265,1.9950923672806795,0.48719639792468716,0.8231740488814466,0.3926487094721898,-0.23548189414812015,0.733461545794247,0.2867240492768063,-0.6852638704159402,0.20885657405242167,-0.003332158468964039,-1.0772308062259206,-0.33034460267109766,-0.13032352414049012,-0.36747555209890054,0.36725802679436487,1.6134081362045263,0.11656913244683914,1.1789212019570317,-0.041925752919595036,0.013182020100281274,-2.2683965501324166,0.6783113619215992,-1.0238477248615891,1.2196426248585046,1.692183550876344,-0.031117874425371214,1.0336931860451257,0.18543142433320484,-1.8389281497187981,0.45386261968144986,0.3167214011377968,1.6269691546697556,0.8978513699384666,0.2075170689313779,-0.38641092664815213,0.5414403191581253,-1.2340285867705616,1.2320907322616381,-1.4951625721169732,-0.5906045710696692,0.9961988967033055,0.19849112696040963,-1.3934319727729458,-0.46213801921604386,0.892621339114288,-1.768703962348829,-0.26890920777010763,1.2650191786510345,0.230082073238086,0.3826143537896506,-0.7154516582247944,-1.7749136814352193,0.11957564530921266,-1.2979535514396696,0.5234153881925552,-1.0154703289502947,-0.20061012619603544,0.44409108686886695,-0.13343392027983406,-0.10142737076012713,-0.14002309366350235,-0.9792619161633173,-1.2924696126033424,0.28588289724158994,1.5837302073848634,-0.9621943293288888,-1.4142358234521126,0.8678386784404035,-0.7193359796278935,0.5944342507105039,0.7561667133230315,0.3249346851936071,-0.681366003099182,-0.4523491274473032,0.8741610850850654,0.483062509386619,-1.1960838670296163,0.4063244760841864,1.3004606377907777,-0.4299495255712268,0.8550959332461714,-0.7076533040291989,0.08359933641728297,-0.07341204649223661,-0.43472680110908213,-1.333650359159228,0.4601970774489423,-0.3086748610333555,1.7935511321694348,-1.1581619576113014,-0.5699907328202244,-1.237030886750301,-1.1643292272882126,0.07942759639257134,0.24468702153915678,-0.5755203076812196,-0.6906272689950295,-0.6214708426247696,-0.5624098164905071,0.9710779832906326,0.1752943622128388,-0.6203382525742295,0.8235177290788208,-1.0927933926726927,1.0396231247398513,-1.278642840978077,1.0623214783449881,1.4828167527540532,0.3723547342510189,0.277239273184796,-0.5014382659572307,-1.4216893032803284,-0.7907043492946603,0.006220505354553843,1.3707241814410451,-0.7955373198752517,-0.8321481074178445,0.7759716456574943,-0.5300536400151147,-0.41459496159531867,0.1588128178584646,-0.5153115628518282,-0.6608422725638834,-0.8551808229807814,0.1527630362638492,-1.0299606703862036,0.34965430935676045,-2.3791074513892556,-0.07074126941593142,1.2885532856831758,1.5243580681204059,1.9458187618049048,-1.1836282923125012,-1.1740907671149565,-0.04841969993968091,0.17278782760961686,-0.11745016222758668,-1.0265093808075274
6597,-0.6260793921485178,-0.3467013483663576,-1.1874515030034842,-0.0093463181419118,-0.2778377651333783,-1.1565568079192254,0.031637326103560286,2.1159458195468224,0.835341144537902,0.733622913150959,0.6363098648691137,-0.24759351735999288,2.93683257310448,0.4856444109221944,-1.82394530011369,0.9569454650623366,0.6757882706511393,-0.05811515074871103,-0.29287934104962604,-1.1827078354229739,0.47241280437734773,0.3895020269120342,0.8607493205616312,-0.9999507602691594,0.5155768680244892,0.8208114819452883,-1.0644909094966992,0.7759618530134571,1.8525673797121767,-2.215352187570167,-0.11565328781223569,-1.0475245152605621,1.6218191982890988,1.8069223841979534,2.058366603333013,-2.2781925078984377,1.7424612033389606,-0.39931040105484367,0.6810578952833589,0.6221713593825192,-0.2942744179145075,-0.21145199726422265,-0.3214934781789397,0.2507264638262222,1.3657214389741386,1.2371891358059965,-0.9064389645988731,0.7855168080588748,1.7679883354920898,-0.7755956384547089,1.0547871669080002,0.513474483724334,-0.16924190390725286,-0.1717562953443117,-0.6620690878591942,-1.4340159984148295,0.9763299222064817,-0.2376485301490229,0.0965077220585397,0.35951825027185547,0.7669560595064187,-0.5820108163042423,0.4572714938838953,-0.2858663767602148,0.6942544366586563,0.11819482278634293,-1.2142004662248056,-1.1954584267188355,0.3296743235532813,0.014210227302224312,0.7090838109608321,1.779593010894001,-0.03610272238035105,1.268148094253599,-1.6002734000628638,0.12725004675975637,0.7288821004644502,-2.536321131598499,-0.9200162812113208,0.48719595268194676,0.6786666013203496,-0.24813793952260427,-0.1816041078477207,0.35982199342305216,0.12643615933434624,0.2098399939625198,-0.45293525430742804,-0.5988274188498541,0.9574920153669858,-0.45250231975794253,1.0451951611673835,-0.37479000986964417,-0.8756019255884044,1.0010241794187087,0.32162835390589767,-0.4193709495753748,-1.2785413268652743,-0.3126875390085182,-0.867718734250525,-1.6081801734268713,-3.0486142128401506,-0.06577689291077406,0.9109523320005569,0.8080980910505335,1.729963458309045,2.1141486735322292,0.20876420569730092,-1.137635092923019,-1.7669693711958072,-0.7899563882395206,0.5706839671521757,0.49782811454477915,-1.5980533424657788,-0.9550237850459471,0.9052642236338899,0.8434752507251402,-0.5660002241107648,-0.7783153374578502,1.2685585197914617,0.8246245537351844,0.8501642588507257,-0.7294395438122655,0.20986955748617545,0.4605724668091524,0.3911623886903031,1.6731856590148446,1.6433414738722418,-1.2555147744506714,0.8382206271070993,0.0075241480327743636,0.22855792371088515,-0.8287025860419868,0.16277180021257617,0.548803441430414,0.6941396300282732,-0.12078654401124529,-0.3359039119269145,0.03963027826317332,-0.5156411561927995,-0.015434104405757576,-1.4728009900938563,0.6115999284244749,-2.30339119500024,-1.6170120204269864,1.1579369974329972
7028,-0.9403624781707247,1.0370139311501332,0.9065681305454848,0.3418152944331129,0.18386286725738324,0.2293981121678663,0.35145204271324465,-0.2997980409310516,-0.11281940731008641,-0.4696500052787106,1.7240338130198432,-0.9403572599599941,-0.8491130249405848,0.4147047065786981,-1.0433424944269771,-0.42776380153607285,-0.4531719372679565,0.956102790000657,-0.7388762586629477,0.38230202727831747,-0.8900098955496626,-1.5680611104355604,-0.061206496192696774,-0.7371394051515904,-1.4457146490038115,1.2721107116092645,0.6381357785095646,0.6859215803576827,-0.3399722624399842,0.5911303828361323,-1.2670801539791288,-2.101451535087976,-0.23518373076527047,-0.03273731265503242,1.1527492518906415,0.21760987326381603,-1.6138979418632156,-1.3580778827782194,-0.1703649992037474,-0.6177376428670505,0.12897963635814297,-0.8355954449020887,-0.07374733061894917,0.06779788824194877,-1.430222998968472,0.23971261261640556,-0.047264718152215134,-1.293537671270097,-0.977054817736172,-0.3817037299075836,0.6162273017014015,1.8667349892157041,-1.3135441693079517,-1.4055358207676036,-0.6075369167828388,0.05311155351684295,-1.7287646785333193,0.20036157351909256,-0.17656270277991665,-0.49576069131701417,-0.5321213550466529,-0.13806030729099947,0.45797201598204534,0.7042537418828186,-0.5395597518759249,0.8437710376985598,0.08522353842454837,2.0420951233640836,0.39525516016820084,-1.0323507869304414,2.165590978057128,-0.04016222326680451,-0.6204446354560911,-0.995159274623894,-2.143427142720084,-0.5804156389674373,-1.6328540640209726,-1.3653287123999198,-1.2371252368243733,0.8971044948786506,-0.7723665947808881,0.22784066989936905,0.914118425419665,-0.02150964430178064,-0.5058232001945754,0.6036416298916869,0.7641961770360051,1.9927246282255255,0.6914196716335127,-0.35241156005398305,-0.26778364522139425,-0.762038257077455,-0.5014621220599974,-0.5941611186940274,0.859566273779701,0.27922764102033837,1.7450019478439769,-2.207220068461195,1.4000370718047441,-0.7549699337091673,2.184752325972677,1.6047255993223208,-1.1360725883039913,0.4626413585706536,-0.5994424992453428,0.3784998797542162,-1.0506934922315911,0.48238076594294305,0.8835082556598293,0.6052621989583115,-1.5531901583629923,-0.05836323909862737,0.17530892993981048,-2.3027880414792947,0.5558105179208538,0.3508187758292899,0.6375758165447802,0.821896656588083,0.10624641398840054,-2.1156781341008757,-0.3514866397644384,-1.5619350152604934,-0.6064912147749518,0.29181632341667624,1.5853703972940953,0.5539772740745319,-0.6477998325664502,-1.2053622194995852,-1.1327012464720039,-1.0110408631142265,0.4593704790615589,0.1575501308716122,-0.19970827732595528,-1.6982497573219753,1.1719586607982524,0.18803414770726987,-0.2932924045624747,-0.3529362324712838,-0.4779162469331713,0.32672532302270774,0.7575013671411868,-0.9102031814844553,1.4510941914136248,0.4964577527315316,-2.7604878505092185
