,Sensor ID,Index,Material,Coor X [m],Coor Y [m],Coor Z [m],R [m]
0,N_1,1,OPA,0.208041548,14.43693579,-2.875503071,2.883019111
1,N_2,2,OPA,-8.970831668,28.22984098,-0.134437322,8.971838953
2,N_3,3,OPA,-14.28950145,6.685725624,-10.39904826,17.67286215
3,N_4,4,OPA,6.114854613,2.685644895,-3.189980974,6.896914205
4,N_5,5,OPA,4.048845155,48.70858961,11.26050288,11.96628899
5,N_6,6,OPA,-12.13239686,7.426088174,7.131041789,14.07291052
6,N_7,7,OPA,-11.90464918,5.612739018,-10.27186662,15.72361015
7,N_8,8,OPA,8.767720757,41.98589021,10.12941057,13.39693569
8,N_9,9,OPA,-6.729954118,10.98140591,3.882009689,7.769316679
9,N_10,10,OPA,-9.382335423,14.54309029,-11.8398544,15.10663332
10,N_11,11,OPA,9.258251906,0.061168541,0.96813807,9.308733516
11,N_12,12,OPA,3.291826207,0.582991468,14.16664777,14.54407195
12,N_13,13,OPA,-10.30850681,45.31948401,-15.83232437,18.89253312
13,N_14,14,OPA,-16.1100838,46.88491349,8.750505058,18.33319772
14,N_15,15,OPA,-5.839849305,13.13408205,17.49067428,18.43983532
15,N_16,16,OPA,-12.34348823,25.13520504,-0.725872359,12.36481267
16,N_17,17,OPA,11.45446394,5.478157085,0.946739903,11.49352255
17,N_18,18,OPA,16.96822193,33.1145482,9.603086571,19.49717485
18,N_19,19,OPA,19.24988234,9.039279666,-3.725778575,19.60712615
19,N_20,20,OPA,4.686861071,39.78905238,-17.9265892,18.52914642
20,N_21,21,OPA,-4.702909907,45.35693274,5.566556309,7.287243014
21,N_22,22,OPA,14.09439056,38.53687361,6.156028646,15.3801344
22,N_23,23,OPA,-1.959993518,46.13995486,-11.18439127,11.35483081
23,N_24,24,OPA,2.432600026,26.13427485,-13.93115404,14.14194455
24,N_25,25,OPA,-11.23529073,37.86780982,0.108702085,11.23581656
25,N_26,26,OPA,4.5020104,48.62152159,11.17494391,12.04771634
26,N_27,27,OPA,-4.60790692,32.59195651,-2.197123674,5.104915143
27,N_28,28,OPA,12.65143202,40.70822223,7.205206645,14.55931781
28,N_29,29,OPA,-0.975028749,9.526111195,12.39997731,12.43825222
29,N_30,30,OPA,-12.75948084,48.25868846,-1.444994322,12.84104201
30,N_31,31,OPA,-8.01954899,32.8532347,-9.940210759,12.77188146
31,N_32,32,SHCR,1.160817246,20.23973788,-0.924187625,1.483785512
32,N_33,33,OPA,18.34806514,20.10408812,3.065719816,18.60242276
33,N_34,34,OPA,7.011153743,40.07691903,12.70071717,14.50739444
34,N_35,35,OPA,6.372753102,13.79887285,-11.92286916,13.51912686
35,N_36,36,OPA,0.756770584,40.16279483,11.38516941,11.41029291
36,N_37,37,OPA,5.645020648,33.00274133,-13.18517885,14.34277516
37,N_38,38,OPA,-2.491209987,3.105832708,-16.91412825,17.09660381
38,N_39,39,OPA,1.496087129,5.800315113,-2.16125636,2.62855583
39,N_40,40,OPA,-1.075008432,35.1155625,6.027517629,6.122631125
40,N_41,41,OPA,-7.242048805,31.11214838,8.536681345,11.1947398
41,N_42,42,OPA,7.995419441,43.58660883,-2.427302272,8.355748222
42,N_43,43,OPA,18.34454257,8.312649034,-0.744563298,18.35964642
43,N_44,44,OPA,12.77180635,35.16125086,3.603927464,13.27054372
44,N_45,45,OPA,10.29959962,3.614517314,6.431987779,12.14299053
45,N_46,46,OPA,-1.462023884,27.88756856,2.555136402,2.943847121
46,N_47,47,OPA,1.717643699,16.96061613,-19.08750488,19.16463259
47,N_48,48,OPA,3.388839254,2.958904659,-15.99192183,16.3470424
48,N_49,49,OPA,-7.234856597,38.98895624,-13.92402997,15.69145502
49,N_50,50,OPA,16.94641671,20.10589963,6.501365261,18.15072422
50,N_51,51,OPA,14.36080649,39.95376791,-8.528212879,16.70219081
51,N_52,52,OPA,2.288092614,29.75510616,10.45277801,10.70027737
52,N_53,53,OPA,11.07231475,48.39184571,14.74052754,18.43581586
53,N_54,54,OPA,-3.204169664,2.914929497,0.941936477,3.33975262
54,N_55,55,OPA,-11.37753215,0.809435685,4.596058438,12.27077793
55,N_56,56,OPA,16.11533252,21.75576353,-9.232797204,18.57278887
56,N_57,57,OPA,0.069462509,0.913089409,13.02197733,13.0221626
57,N_58,58,OPA,-1.492618063,31.77534259,-17.91548429,17.97755506
58,N_59,59,OPA,12.56013249,45.80265542,-0.346642669,12.56491501
59,N_60,60,OPA,-9.789017111,48.33652098,5.545806296,11.25081435
60,N_61,61,OPA,16.87738951,3.001097548,-7.169343081,18.33700512
61,N_62,62,OPA,3.298530113,16.78528764,10.97083756,11.45598436
62,N_63,63,OPA,-15.80963473,39.7120905,-2.787000406,16.05340841
63,N_64,64,OPA,13.92540488,17.39332806,-13.21935352,19.20073459
64,N_65,65,OPA,14.18440244,0.364603702,-1.761802914,14.29339785
65,N_66,66,OPA,14.72741165,32.23391787,12.07422283,19.04425139
66,N_67,67,OPA,-9.93040042,9.224364742,1.159231785,9.997833307
67,N_68,68,OPA,-5.67944861,37.32738313,-4.341570181,7.148801868
68,N_69,69,OPA,-9.077451857,10.37016556,-1.707009536,9.236558546
69,N_70,70,OPA,2.258771254,46.70618127,11.86277305,12.07590295
70,N_71,71,OPA,11.0213739,34.7362972,-14.85696044,18.49864742
71,N_72,72,OPA,8.376287878,19.38730611,13.31279661,15.72872379
72,N_73,73,OPA,-16.78189887,33.13721946,-3.550538984,17.15338033
73,N_74,74,OPA,-2.776035606,22.31932355,-17.59176072,17.80944746
74,N_75,75,OPA,-9.789913282,8.994262889,4.811448467,10.90836552
75,N_76,76,OPA,-7.59061389,39.18685216,-14.43641901,16.31035294
76,N_77,77,OPA,15.99514176,42.15461573,-5.949138512,17.06566169
77,N_78,78,OPA,-16.14528639,29.43421732,10.87878173,19.46838885
78,N_79,79,OPA,0.745060025,49.01075421,-7.479385006,7.51640303
79,N_80,80,OPA,2.1531516,3.107233279,8.472094595,8.741421432
80,N_81,81,OPA,-16.72211182,7.320399305,8.61625274,18.81140173
81,N_82,82,OPA,-11.78718228,42.2489188,7.663282883,14.0592877
82,N_83,83,OPA,10.04254548,9.722492854,3.931774457,10.7847842
83,N_84,84,OPA,4.089308383,43.95548766,-15.83481465,16.35432047
84,N_85,85,OPA,18.99314656,13.66965317,-4.606741591,19.54384006
85,N_86,86,OPA,-16.11773361,22.9118993,5.905984145,17.16572123
86,N_87,87,OPA,-5.873653285,5.978956705,-12.0348817,13.39172059
87,N_88,88,OPA,-0.752610784,22.89413578,10.09068155,10.11870926
88,N_89,89,OPA,3.790601012,28.97220189,12.90865862,13.45370296
89,N_90,90,OPA,3.727807546,21.81685532,-11.75059285,12.32773221
90,N_91,91,OPA,-14.39486021,35.28569574,9.050001767,17.00336827
91,N_92,92,OPA,-7.532021096,6.694555406,-12.7073461,14.7718647
92,N_93,93,OPA,13.96263813,2.041196074,-9.399892447,16.8319114
93,N_94,94,OPA,-13.80890838,6.248573471,-9.307314021,16.65268882
94,N_95,95,OPA,12.92067201,44.32919191,-15.00867796,19.80414551
95,N_96,96,OPA,13.39662589,23.5765287,-8.232629497,15.7240508
96,N_97,97,OPA,0.562866054,26.30922613,18.9109299,18.91930464
97,N_98,98,OPA,17.64031134,12.99415727,7.84647268,19.30667547
98,N_99,99,OPA,-8.81165213,19.35512178,-8.613063699,12.32193489
99,N_100,100,OPA,6.606903476,36.39838352,-14.57205536,15.9998741
100,N_101,101,OPA,-0.520623726,19.51418848,-3.93098531,3.965311409
101,N_102,102,OPA,-9.603280205,27.41290581,16.17802257,18.81359628
102,N_103,103,OPA,12.11342522,8.82403418,-11.80663109,16.91542515
103,N_104,104,OPA,-12.31403619,33.03647282,12.36707592,17.45222204
104,N_105,105,OPA,-18.9734034,5.335150512,-4.97527347,19.61487657
105,N_106,106,OPA,-7.071103339,34.96029269,14.86071454,16.45725794
106,N_107,107,OPA,8.323007835,11.32575523,13.58497469,15.93185478
107,N_108,108,OPA,-7.65209617,25.05623405,-6.686051388,10.16158742
108,N_109,109,OPA,8.868669778,47.78829666,-3.802983533,9.649662553
109,N_110,110,OPA,5.830478686,8.413726785,0.376437926,5.842618182
110,N_111,111,OPA,-2.131930809,7.648976953,-10.8972289,11.10381586
111,N_112,112,OPA,0.584750424,14.21730673,-2.843156886,2.902666728
112,N_113,113,OPA,1.244926098,36.72809196,-5.765113139,5.89799716
113,N_114,114,OPA,13.69508229,4.30904661,-7.979767845,15.85029885
114,N_115,115,OPA,2.808189387,43.1218511,-9.855473798,10.24774567
115,N_116,116,OPA,17.01448743,26.89495028,1.022573464,17.04518815
116,N_117,117,OPA,3.972305743,40.23905678,11.96159484,12.60392654
117,N_118,118,OPA,-18.15031614,25.72196781,3.231475321,18.43573727
118,N_119,119,OPA,4.050631484,6.722580546,-9.545414899,10.36930861
119,N_120,120,OPA,9.20506847,1.99547439,-7.033539161,11.58464323
120,N_121,121,OPA,-5.609896509,48.44764552,1.061048746,5.70935752
121,N_122,122,OPA,11.14577231,33.02675764,-14.96944582,18.6631334
122,N_123,123,OPA,-9.576079718,11.7274444,-1.631523707,9.714070845
123,N_124,124,OPA,8.187538714,43.26015294,17.18957355,19.03988522
124,N_125,125,OPA,15.97039999,32.58495458,-9.885931188,18.78257999
125,N_126,126,OPA,-0.522319684,47.62591355,7.759174868,7.776735336
126,N_127,127,OPA,-14.1390906,40.77802181,-10.55597151,17.64489778
127,N_128,128,OPA,5.385807254,46.59607504,2.171291088,5.807015133
128,N_129,129,OPA,12.23309676,26.02411661,13.53561006,18.24448947
129,N_130,130,OPA,4.196262067,41.91987036,-11.19355973,11.95426262
130,N_131,131,OPA,4.413706596,37.79094707,-13.54803011,14.248857
131,N_132,132,OPA,11.28209481,11.39583195,-14.37228025,18.27151069
132,N_133,133,OPA,-13.55897651,10.77188559,2.760610689,13.83715344
133,N_134,134,OPA,-13.44552829,46.72520531,5.202030513,14.4167733
134,N_135,135,OPA,-16.08766702,47.57010357,1.758813731,16.18352421
135,N_136,136,OPA,-4.976921738,42.76293213,1.454581426,5.185128457
136,N_137,137,OPA,-11.37929656,11.63483576,-13.89948855,17.96341205
137,N_138,138,OPA,-13.8876079,46.03623169,-5.464548486,14.92403911
138,N_139,139,OPA,4.056903755,9.516278731,4.437615247,6.012561614
139,N_140,140,OPA,19.51849538,37.76889952,3.706767525,19.86735482
140,N_141,141,OPA,-5.435725188,16.82241034,14.7214365,15.692922
141,N_142,142,OPA,-2.344822068,33.74139309,15.97933055,16.15045496
142,N_143,143,OPA,-5.949669913,10.64968041,13.85307315,15.07667761
143,N_144,144,OPA,-16.55557924,6.441462398,7.35199967,18.11461021
144,N_145,145,OPA,2.601984417,34.35258041,5.446925161,6.036498705
145,N_146,146,OPA,4.000133673,10.97791515,-12.39534035,13.02480449
146,N_147,147,OPA,-11.48154121,23.0741433,-11.64860649,16.35591092
147,N_148,148,OPA,2.624370589,34.45443458,-14.77590292,15.00715257
148,N_149,149,OPA,3.125309453,41.27706745,9.312857788,9.823282514
149,N_150,150,OPA,-9.994423674,21.31811989,-2.050728955,10.20264641
150,N_151,151,OPA,-8.960738998,17.32503345,-10.86983813,14.08716523
151,N_152,152,OPA,-5.802785187,36.83456258,9.677097864,11.2835517
152,N_153,153,OPA,-16.18829742,28.42254715,-9.52953541,18.78491465
153,N_154,154,OPA,5.881796278,30.8733657,-9.543495152,11.21043385
154,N_155,155,OPA,0.328023641,11.93121503,7.793691456,7.800591389
155,N_156,156,OPA,-17.6555489,6.763699287,9.051354271,19.84049952
156,N_157,157,OPA,13.269365,12.76281147,-9.948429788,16.58455012
157,N_158,158,OPA,18.78598849,28.40517817,1.781809272,18.87029962
158,N_159,159,OPA,-13.55035843,44.64674266,1.992054702,13.6960029
159,N_160,160,OPA,12.90866947,9.29046951,-0.89983662,12.93999434
160,N_161,161,OPA,-3.958763052,21.09662324,11.98826445,12.62498671
161,N_162,162,OPA,11.38008241,32.37569974,-9.456162883,14.79612423
162,N_163,163,OPA,-6.966126063,9.722278805,-13.28684678,15.00224015
163,N_164,164,OPA,-6.751202383,49.39629038,-4.004289936,7.849399436
164,N_165,165,OPA,-16.97714524,48.04084514,-4.561215306,17.57919639
165,N_166,166,OPA,0.286734985,42.46115411,18.06194891,18.06422474
166,N_167,167,OPA,-9.259979417,15.59148977,0.038618608,9.260059945
167,N_168,168,OPA,2.845433973,16.21463772,-16.02385948,16.27453739
168,N_169,169,OPA,5.965328046,49.80850462,1.791488265,6.22852863
169,N_170,170,OPA,5.850137921,22.67411217,8.074816661,9.971297699
170,N_171,171,OPA,-2.253509437,23.33009805,18.12593599,18.26548275
171,N_172,172,OPA,-6.203933611,16.79714099,2.22474452,6.59077237
172,N_173,173,OPA,-2.155087811,7.075665059,-14.29659761,14.4581156
173,N_174,174,OPA,-11.16490635,12.82916922,-9.994377558,14.98474946
174,N_175,175,OPA,10.92005509,6.810644058,-5.796728191,12.36323828
175,N_176,176,OPA,-4.340260385,43.60390031,-2.048532563,4.799410992
176,N_177,177,OPA,14.13792302,13.4036184,5.476967707,15.16172954
177,N_178,178,OPA,-12.22700782,10.85045335,5.669956709,13.47769006
178,N_179,179,OPA,16.6275036,9.536414743,-2.046572107,16.75297983
179,N_180,180,OPA,-17.14093031,38.88684391,-4.476174823,17.71574534
180,N_181,181,OPA,8.198552552,20.81655611,-0.951195182,8.253546887
181,N_182,182,OPA,-7.262857271,21.16539398,15.74881282,17.34284293
182,N_183,183,OPA,-14.51705875,48.08789725,10.518251,17.92703542
183,N_184,184,OPA,-14.84953608,12.7321352,1.818985916,14.96052912
184,N_185,185,OPA,6.193255172,30.2535827,-1.29483344,6.327163919
185,N_186,186,OPA,2.463750583,0.44973932,-12.94039413,13.17284583
186,N_187,187,OPA,-14.51423672,32.18067433,-7.151768225,16.18057034
187,N_188,188,OPA,2.529196327,42.4150777,-15.21683729,15.42559468
188,N_189,189,OPA,-14.12065694,19.42944422,-0.652979195,14.13574668
189,N_190,190,OPA,14.05256107,36.98155862,7.699319754,16.02354509
190,N_191,191,OPA,1.049234334,41.39426387,13.36293784,13.40406656
191,N_192,192,OPA,0.117286838,41.36436097,-11.35022578,11.35083175
192,N_193,193,OPA,-0.119636426,11.46842233,6.424215216,6.425329098
193,N_194,194,OPA,-3.179176031,47.10675955,12.09604396,12.50685571
194,N_195,195,OPA,6.651321153,35.29543082,-6.785152844,9.501493156
195,N_196,196,OPA,-2.944414993,1.2459604,10.62878726,11.0290842
196,N_197,197,OPA,-6.493570049,34.27358543,2.970136637,7.140599668
197,N_198,198,OPA,-8.863900674,21.18267512,17.21349964,19.3616452
198,N_199,199,OPA,-10.1917445,19.97240149,-9.440051047,13.89194802
199,N_200,200,OPA,-8.024695318,7.660282947,16.64882902,18.48186253
200,N_201,201,OPA,14.01190566,21.25076222,6.457114957,15.42815069
201,N_202,202,OPA,-5.20146012,15.29915279,12.40341214,13.44990037
202,N_203,203,OPA,-1.528556787,24.219322,0.991180334,1.82179151
203,N_204,204,OPA,12.69304634,6.105266695,-8.70536134,15.39145027
204,N_205,205,OPA,13.45920415,6.710609925,-7.203960634,15.26588435
205,N_206,206,OPA,-3.537840166,18.42329583,5.544669835,6.577208878
206,N_207,207,OPA,10.41946248,15.24969806,-8.337473951,13.34461203
207,N_208,208,OPA,8.732175168,8.065215511,6.375230639,10.81177362
208,N_209,209,OPA,13.02761116,21.60909904,-8.836269088,15.74161059
209,N_210,210,OPA,-8.183338728,44.90286087,11.14611027,13.82761031
210,N_211,211,OPA,14.30860602,8.448663512,2.490816078,14.52378638
211,N_212,212,OPA,-2.606193401,35.63948648,9.774332805,10.11582057
212,N_213,213,OPA,-12.4553908,37.94713299,-14.31572063,18.97568489
213,N_214,214,OPA,-11.68493715,7.323196465,7.606823351,13.94279447
214,N_215,215,OPA,-9.116828404,19.33211971,-10.71375944,14.06773619
215,N_216,216,OPA,0.721863658,31.92435851,-13.5442935,13.56351627
216,N_217,217,OPA,10.73925076,24.03920742,12.29568467,16.32529841
217,N_218,218,OPA,-19.33889423,8.583847249,-0.889594481,19.35934421
218,N_219,219,OPA,16.17903004,32.75307947,2.531360113,16.37586019
219,N_220,220,OPA,16.32851544,1.340028344,8.846587036,18.57101286
220,N_221,221,OPA,-12.10201646,12.89427476,-10.66275595,16.1292643
221,N_222,222,OPA,10.71421103,18.80440344,3.462874208,11.25992077
222,N_223,223,OPA,5.352049816,18.89136002,-11.40836179,12.601395
223,N_224,224,OPA,11.96158743,11.62097299,-11.86329412,16.84687868
224,N_225,225,OPA,-0.262461229,21.56785634,5.247157245,5.25371726
225,N_226,226,OPA,0.35844135,33.22270744,-5.468717879,5.48045212
226,N_227,227,OPA,-3.124766534,6.833680281,-7.100454862,7.757617234
227,N_228,228,OPA,18.37244369,22.06905166,-6.224668229,19.3982778
228,N_229,229,OPA,4.237324196,42.94111118,13.75386324,14.39179177
229,N_230,230,OPA,2.47545466,15.19589122,13.3557474,13.58321996
230,N_231,231,OPA,-17.40252199,30.81498773,-6.37507126,18.53346447
231,N_232,232,OPA,-2.088347124,45.19468831,-16.92322286,17.05158837
232,N_233,233,OPA,-0.909657698,43.46289283,-7.054083605,7.112494122
233,N_234,234,OPA,-6.340404299,22.26938711,14.31626801,15.65746648
234,N_235,235,OPA,-12.1830321,49.9363596,-8.683383229,14.96086279
235,N_236,236,OPA,2.887756684,24.11543423,6.197924157,6.837645978
236,N_237,237,OPA,1.687828465,26.60337523,-0.641317125,1.80556157
237,N_238,238,OPA,-15.62401618,18.0156763,0.388800236,15.62885303
238,N_239,239,OPA,10.82383815,43.57043681,11.6574594,15.90760296
239,N_240,240,OPA,8.235756009,45.59543723,0.927184012,8.287783011
240,N_241,241,OPA,-14.34549643,30.04933115,-5.513968708,15.36870582
241,N_242,242,OPA,-10.60875579,38.85460766,-15.56932051,18.84010193
242,N_243,243,OPA,8.894004321,34.3241849,-4.178214231,9.826534843
243,N_244,244,OPA,1.312165916,28.42841236,2.722849944,3.022530597
244,N_245,245,OPA,12.34692157,8.052364929,-15.72929869,19.99643242
245,N_246,246,OPA,-13.24019377,25.81278961,-0.921503563,13.27222287
246,N_247,247,OPA,-11.92842072,27.6396718,-0.463858077,11.93743629
247,N_248,248,OPA,-11.20850247,30.24545059,7.835460904,13.67570749
248,N_249,249,OPA,6.15160129,25.59528156,-8.830272153,10.76177981
249,N_250,250,OPA,-8.720512378,41.06635438,-4.272281701,9.710804655
250,N_251,251,OPA,-12.80431579,49.06920909,-0.779414922,12.82801584
251,N_252,252,OPA,-15.11714836,8.344607775,10.59119148,18.45810151
252,N_253,253,OPA,3.432199105,8.601821664,-18.62453626,18.93814514
253,N_254,254,OPA,18.57720478,35.94332918,4.252295202,19.05766387
254,N_255,255,OPA,2.462642445,41.53131489,9.033374941,9.363037469
255,N_256,256,OPA,-8.233754351,25.77234142,15.80083061,17.81743412
256,N_257,257,OPA,-16.18181671,18.34313393,-0.801196615,16.20163905
257,N_258,258,OPA,-1.294445667,32.24692698,-6.63333548,6.758456124
258,N_259,259,OPA,-10.05459503,36.43163293,-3.564217347,10.66763922
259,N_260,260,OPA,-9.426168709,12.56472154,-9.593987665,13.44980505
260,N_261,261,OPA,1.810138741,9.554581153,-8.275085341,8.470752013
261,N_262,262,OPA,-1.630633171,9.588338565,16.34662716,16.42775652
262,N_263,263,OPA,7.365684955,23.28952827,-17.42368733,18.91661162
263,N_264,264,OPA,17.69630868,37.37495462,-8.553091241,19.65489025
264,N_265,265,OPA,8.370500406,46.79171343,-1.810126248,8.563984708
265,N_266,266,OPA,16.17590244,11.66324761,-4.96638849,16.92113573
266,N_267,267,OPA,7.059768905,12.4443374,13.37479478,15.12367259
267,N_268,268,OPA,-3.868273377,23.4708995,-3.129738274,4.975821599
268,N_269,269,OPA,-7.539046533,36.62052945,7.600075029,10.7050625
269,N_270,270,OPA,0.053717513,14.90038286,-4.344676436,4.345008504
270,N_271,271,OPA,11.2872911,11.46036867,5.701527168,12.64556651
271,N_272,272,OPA,-9.916048188,20.88758938,8.646641968,13.15645959
272,N_273,273,OPA,13.45570714,39.67847887,7.980187796,15.64415073
273,N_274,274,OPA,2.967313058,13.87451661,2.974821104,4.201726715
274,N_275,275,OPA,-8.525484305,45.71120689,-14.10073497,16.47770036
275,N_276,276,OPA,-2.996211966,26.17504827,-15.73622976,16.01893296
276,N_277,277,GBM,-0.450917079,41.71037224,-0.379651392,0.589458558
277,N_278,278,OPA,11.70062925,37.20999559,-9.76030683,15.2370704
278,N_279,279,OPA,13.86370394,14.5825505,3.193684787,14.2268025
279,N_280,280,OPA,15.45431114,3.14080692,-2.794883736,15.70500264
280,N_281,281,OPA,-7.518747825,21.82102538,-12.51904071,14.60335404
281,N_282,282,OPA,-16.76252788,8.463252628,9.416296536,19.2262576
282,N_283,283,OPA,-15.53705502,5.765401563,10.25178502,18.61448831
283,N_284,284,OPA,18.62631148,45.88559793,-5.144560068,19.32371542
284,N_285,285,OPA,3.337364445,37.90088089,-16.36587663,16.70269198
285,N_286,286,OPA,-1.538436306,24.45628379,5.159423738,5.383905606
286,N_287,287,OPA,8.1069489,39.84676062,-8.664983722,11.86610987
287,N_288,288,OPA,6.886127079,19.92392422,11.55810606,13.45394224
288,N_289,289,OPA,6.51514217,23.72688191,-11.54617225,13.25749491
289,N_290,290,OPA,-3.513563016,44.26288509,-0.914899246,3.63072523
290,N_291,291,OPA,-15.39419932,2.900306398,-3.26237223,15.73608735
291,N_292,292,GBM,0.113259015,27.87380605,0.598436832,0.609060134
292,N_293,293,OPA,0.812872649,23.36084199,17.84155612,17.86006402
293,N_294,294,OPA,9.610284991,14.00065097,-15.04970814,17.85640761
294,N_295,295,OPA,-8.901326092,31.14889791,-10.76667937,13.96978851
295,N_296,296,OPA,12.9379564,7.615950584,7.716669276,15.06445155
296,N_297,297,OPA,-18.04306004,17.78178813,-7.904888296,19.69871251
297,N_298,298,OPA,10.76826519,20.83015853,-0.960355999,10.81100453
298,N_299,299,OPA,12.1073526,33.58206074,13.486717,18.12400404
299,N_300,300,OPA,-11.37265169,16.43242028,-11.7648221,16.36301456
300,N_301,301,OPA,-6.677478334,45.81426992,-4.066973567,7.818503111
301,N_302,302,OPA,3.690510009,48.09375222,4.56734365,5.872009208
302,N_303,303,OPA,9.790975033,1.621754445,10.20991648,14.14586818
303,N_304,304,OPA,6.868771351,1.885488128,-9.411092793,11.65112387
304,N_305,305,OPA,5.386628945,3.979009939,13.89791065,14.90529073
305,N_306,306,OPA,12.30979319,23.00027085,7.346525147,14.33535629
306,N_307,307,OPA,-18.80330649,20.08169019,2.502879809,18.96915239
307,N_308,308,OPA,1.608496936,23.55854603,-18.07859445,18.15000936
308,N_309,309,OPA,2.926993399,26.69564352,9.956233189,10.37756569
309,N_310,310,OPA,-11.37174368,26.44042743,-15.14081024,18.9356988
310,N_311,311,OPA,12.60589544,31.56232151,7.816420624,14.83256657
311,N_312,312,OPA,-4.030127334,25.07553381,17.50032497,17.95837689
312,N_313,313,OPA,10.01218433,23.32684376,-12.49324864,16.01015604
313,N_314,314,OPA,14.89832077,29.355198,-3.852741605,15.38842356
314,N_315,315,OPA,-6.261270622,13.71564741,-5.040603458,8.038108796
315,N_316,316,OPA,14.12649275,32.17346305,-9.408857212,16.97304897
316,N_317,317,OPA,17.28923207,29.94264907,4.412822083,17.84350145
317,N_318,318,OPA,-7.359985982,31.64046696,-15.27443761,16.95517142
318,N_319,319,OPA,-8.07692656,37.84737222,12.61345637,14.97785112
319,N_320,320,OPA,-3.644366235,43.94850449,1.651252566,4.001004911
320,N_321,321,OPA,12.27541612,32.23731438,14.21594712,18.78241181
321,N_322,322,OPA,-2.998142702,36.3562551,-3.803261419,4.842897591
322,N_323,323,OPA,2.483180249,25.79949432,16.15149027,16.34126134
323,N_324,324,OPA,13.14343866,5.966490086,9.637878672,16.29842585
324,N_325,325,OPA,-9.100729415,24.09544079,-15.47450766,17.95226067
325,N_326,326,OPA,1.896391184,0.733942459,15.2273047,15.34493753
326,N_327,327,OPA,-12.88565399,31.94248163,9.190454753,15.82733513
327,N_328,328,OPA,1.240191926,18.9911453,-2.635413037,2.912641051
328,N_329,329,OPA,-7.040899764,7.663514483,-9.157395013,11.5512836
329,N_330,330,OPA,9.970776512,36.03286965,6.662937338,11.99212734
330,N_331,331,OPA,-3.830390632,2.519701826,-18.76345061,19.15043006
331,N_332,332,OPA,10.06449208,46.70150156,8.800558396,13.36951117
332,N_333,333,OPA,6.130578684,40.96041397,-7.632773219,9.789955159
333,N_334,334,OPA,-9.502422024,41.14458914,0.442106769,9.512701126
334,N_335,335,OPA,-2.168084752,32.78876577,18.46378183,18.59063826
335,N_336,336,OPA,3.91228442,26.0008538,17.25184954,17.68989209
336,N_337,337,OPA,11.26707249,23.5770772,7.44229117,13.50313372
337,N_338,338,OPA,-17.28591419,36.87191986,0.026360193,17.28593429
338,N_339,339,OPA,5.151658664,13.37374926,-6.074124444,7.964582522
339,N_340,340,OPA,15.40547641,26.90467069,2.915602615,15.67894901
340,N_341,341,OPA,-8.13592447,40.68713919,-6.097806799,10.16742419
341,N_342,342,OPA,18.3280028,45.30596819,5.415072137,19.11121903
342,N_343,343,OPA,1.269512406,41.213464,13.08603048,13.14746574
343,N_344,344,OPA,4.781937115,8.466094654,17.4161814,18.0607391
344,N_345,345,OPA,-8.123959794,10.5966013,15.70179574,17.67894545
345,N_346,346,OPA,-6.571032971,45.96693246,2.439926963,7.009402107
346,N_347,347,OPA,-9.414183412,30.10798232,-0.939217626,9.460918511
347,N_348,348,OPA,15.54002589,6.358821121,6.468943766,16.83269551
348,N_349,349,OPA,8.264287857,5.660754673,4.865665014,9.590263282
349,N_350,350,OPA,1.553984344,37.22719348,9.712076157,9.835613383
350,N_351,351,OPA,6.499871398,42.97703665,-1.161609853,6.602852841
351,N_352,352,OPA,3.536594179,19.41149977,-17.95694514,18.30189545
352,N_353,353,OPA,-6.224578723,31.68601312,-8.315933378,10.38749865
353,N_354,354,OPA,-0.527168048,18.04179242,-18.52349154,18.53099148
354,N_355,355,OPA,5.528013856,47.95574154,-9.289124754,10.80956872
355,N_356,356,OPA,13.65687841,42.08345493,-3.464754266,14.0895298
356,N_357,357,OPA,-17.81356794,45.95414837,6.689617151,19.02824691
357,N_358,358,OPA,-1.478953703,21.13945896,10.28027088,10.38610964
358,N_359,359,OPA,3.198951639,30.20286289,8.485960749,9.068893065
359,N_360,360,OPA,16.03194983,7.250182557,-11.65692507,19.82188985
360,N_361,361,OPA,12.61599298,29.75957895,-11.37467519,16.98665695
361,N_362,362,OPA,-18.69965511,3.028724347,1.869761931,18.79290055
362,N_363,363,OPA,7.456434183,7.386639704,4.925226874,8.936233574
363,N_364,364,OPA,-1.153809483,48.37452338,-16.2928779,16.33368135
364,N_365,365,OPA,5.581913063,2.193762726,-18.78302617,19.59489284
365,N_366,366,OPA,-13.09057519,28.8521426,-12.78811861,18.30024962
366,N_367,367,OPA,-16.14427957,18.64760985,-10.86986673,19.46257345
367,N_368,368,OPA,-17.43419705,19.42718176,-2.177768153,17.56968699
368,N_369,369,OPA,-1.356028196,14.92711454,13.75169996,13.81839587
369,N_370,370,OPA,1.151802511,49.57357584,16.18921628,16.23013779
370,N_371,371,OPA,-0.484272629,22.17262881,19.05040542,19.05655967
371,N_372,372,OPA,11.76877788,35.47672749,4.590001303,12.63219081
372,N_373,373,OPA,-10.85354746,17.47617622,9.160383932,14.20253943
373,N_374,374,OPA,-6.994329435,19.45616808,3.217171567,7.698755558
374,N_375,375,OPA,2.565949051,17.49118046,15.65752742,15.86638772
375,N_376,376,OPA,2.956021214,28.42987227,-14.03886019,14.34669498
376,N_377,377,OPA,-10.03331692,27.28168463,6.164557002,11.77578921
377,N_378,378,OPA,-7.586423205,37.25576752,7.980778118,11.01120504
378,N_379,379,OPA,15.59877406,7.265683655,-8.246367648,17.64438527
379,N_380,380,OPA,3.689842252,27.24666618,-4.415584749,5.754330936
380,N_381,381,OPA,3.269436226,11.07093296,9.216184692,9.778919854
381,N_382,382,OPA,8.155719887,23.96609547,13.65273411,15.90323601
382,N_383,383,OPA,-4.941004773,13.52841581,5.523403029,7.410904748
383,N_384,384,OPA,-9.253604967,37.19307218,16.41008115,18.83931974
384,N_385,385,OPA,-7.452184787,44.20849912,17.57962601,19.09393382
385,N_386,386,OPA,9.27048878,1.353180006,10.20181792,13.78473979
386,N_387,387,OPA,-5.766051546,32.07959849,16.3368718,17.32457014
387,N_388,388,OPA,16.56581938,37.01233359,-10.54961869,19.63977663
388,N_389,389,OPA,13.72241491,7.302976091,-8.84981093,16.32861979
389,N_390,390,OPA,4.310879206,43.32913059,-1.388585938,4.529001042
390,N_391,391,OPA,15.46953999,42.63521425,-12.42482548,19.84144541
391,N_392,392,OPA,-8.327107211,16.46528227,1.817312317,8.523106157
392,N_393,393,OPA,-9.934528607,44.03519897,1.057553414,9.990659531
393,N_394,394,OPA,-7.169003547,48.05678621,-16.79636595,18.26232518
394,N_395,395,OPA,-8.82593028,28.28011131,17.07650095,19.22248501
395,N_396,396,OPA,-8.452101315,18.91876094,6.488039083,10.65517094
396,N_397,397,OPA,-6.838072404,45.18144001,16.47814924,17.84064563
397,N_398,398,OPA,8.553571958,37.83888718,15.6808294,17.86202687
398,N_399,399,OPA,-5.643070031,43.62207799,-11.74205213,13.02766393
399,N_400,400,OPA,10.88883024,17.94939842,11.92058432,16.14518363
400,N_401,401,OPA,2.773551919,6.356029133,-11.77104115,12.09338662
401,N_402,402,OPA,-16.84689922,44.19359384,-7.956290066,18.63117186
402,N_403,403,OPA,13.9880467,36.84991174,-12.67868826,18.87894559
403,N_404,404,OPA,-14.69693393,15.93362436,-4.882329681,15.48667202
404,N_405,405,OPA,-0.780736769,31.07707458,6.050443986,6.100608357
405,N_406,406,OPA,-5.633837632,17.88130982,8.371471136,10.0906717
406,N_407,407,OPA,-4.250367966,10.822649,-9.265635691,10.19399983
407,N_408,408,OPA,14.52249597,24.88067487,-5.096429008,15.39079199
408,N_409,409,OPA,2.193520265,12.91652666,19.10458072,19.23009453
409,N_410,410,OPA,7.901297906,39.45281315,-1.492916546,8.041101194
410,N_411,411,OPA,19.6979181,26.30509286,-0.594014885,19.70687268
411,N_412,412,OPA,10.66590298,34.9252673,-2.564581414,10.96989354
412,N_413,413,OPA,-10.46132737,19.16210097,4.505924707,11.39046653
413,N_414,414,OPA,3.418839794,8.139529677,-19.01374364,19.31866747
414,N_415,415,OPA,12.30429487,11.69107218,2.871046996,12.63481631
415,N_416,416,OPA,1.865717242,5.440286877,17.07511719,17.17674381
416,N_417,417,OPA,2.015994739,27.85850524,12.07802862,12.2451219
417,N_418,418,OPA,-8.083238497,23.08824215,-11.77812904,14.28506452
418,N_419,419,OPA,6.526778148,22.36118075,17.98181032,19.1296716
419,N_420,420,OPA,12.55227656,4.263459844,11.58498616,17.08132171
420,N_421,421,OPA,-7.296600937,41.77324191,16.35850976,17.91204139
421,N_422,422,OPA,-9.744904495,21.02980543,10.8575182,14.5893408
422,N_423,423,OPA,-12.1206562,33.97029122,-2.5637977,12.38884036
423,N_424,424,OPA,4.895875969,17.09444224,18.56055197,19.19540807
424,N_425,425,OPA,-7.735537921,46.29809436,5.740380681,9.632783466
425,N_426,426,OPA,-12.07391133,9.483763281,-13.0071362,17.74725125
426,N_427,427,OPA,0.453393572,37.8972283,12.56903472,12.57720953
427,N_428,428,OPA,-18.31445456,33.31875472,4.680306486,18.90302924
428,N_429,429,EDZ,1.632746564,14.77091932,0.452568534,1.694308006
429,N_430,430,OPA,-10.13155856,26.95814218,-14.44839798,17.64666209
430,N_431,431,OPA,4.850687685,28.10353482,-8.674919671,9.938983968
431,N_432,432,OPA,5.263630712,29.27286291,12.36559772,13.43926394
432,N_433,433,OPA,-9.243943649,17.72245858,6.869411687,11.51691413
433,N_434,434,OPA,5.455703113,34.61707418,0.872514362,5.525031925
434,N_435,435,OPA,10.08794278,5.99180584,9.585850299,13.91600213
435,N_436,436,OPA,-12.85853558,47.85457375,-9.38205118,15.91743766
436,N_437,437,OPA,-0.478835957,42.98735357,-18.08713394,18.09347115
437,N_438,438,OPA,-9.815167977,35.07612392,9.45467187,13.62821861
438,N_439,439,OPA,-0.825562975,8.600874868,-12.765797,12.79246369
439,N_440,440,OPA,6.021949856,14.25917152,-1.489770897,6.203490743
440,N_441,441,OPA,8.032091717,39.14355746,-2.910353251,8.543105606
441,N_442,442,VOID,-0.458902002,6.60652667,-0.309136259,0.553313902
442,N_443,443,OPA,-1.095359316,11.65452262,-13.1112785,13.1569539
443,N_444,444,OPA,5.772481872,32.71088104,8.040981868,9.898431005
444,N_445,445,OPA,-4.23578775,32.62005367,2.700924055,5.023633009
445,N_446,446,OPA,10.31785262,21.64397712,-9.305071417,13.89397124
446,N_447,447,OPA,-8.903452017,2.27621393,5.312473677,10.36792334
447,N_448,448,OPA,-7.31907739,1.629512538,-17.58625255,19.04849528
448,N_449,449,OPA,-1.719141085,49.25545746,-18.09062659,18.17212746
449,N_450,450,OPA,4.049426453,40.99234736,4.210853414,5.842015155
450,N_451,451,OPA,-6.922460675,5.71178408,-1.144718274,7.01646932
451,N_452,452,OPA,9.551454109,36.54907676,-9.087492235,13.1838079
452,N_453,453,OPA,4.030445748,25.62697551,-0.611436722,4.07656078
453,N_454,454,OPA,-17.99457633,3.978568579,6.979154604,19.3006056
454,N_455,455,OPA,-17.2817151,8.946218216,-5.036457266,18.00065495
455,N_456,456,OPA,11.11622036,20.4537649,-10.33711307,15.17979781
456,N_457,457,OPA,1.12847152,34.25552229,-2.636489845,2.867843558
457,N_458,458,OPA,-14.95793719,31.08711254,8.959454237,17.43593144
458,N_459,459,OPA,4.171620044,5.950432535,-3.002555845,5.13982056
459,N_460,460,OPA,-7.922778321,5.647916375,17.93014133,19.60256066
460,N_461,461,OPA,-11.01307889,28.60096707,-7.310416455,13.21855118
461,N_462,462,OPA,-2.920546426,42.33325706,-3.110009763,4.266351152
462,N_463,463,OPA,4.043826263,48.84213792,10.33145695,11.09466239
463,N_464,464,OPA,0.489198767,18.61804679,18.37876166,18.38527116
464,N_465,465,OPA,15.69057043,43.55740171,8.936234828,18.05686278
465,N_466,466,OPA,10.83724753,19.54932194,-5.487095501,12.14718696
466,N_467,467,OPA,7.627492518,40.26946788,-14.79147092,16.64230315
467,N_468,468,OPA,-11.05567008,47.82784382,1.437897114,11.14878419
468,N_469,469,OPA,-13.14849181,3.787092642,-2.542294909,13.39201629
469,N_470,470,OPA,-5.259871539,10.45774944,-18.67313332,19.39979785
470,N_471,471,OPA,10.32631927,28.59134694,0.104293872,10.32684593
471,N_472,472,OPA,10.57653844,45.05976474,-6.642761691,12.48957358
472,N_473,473,OPA,16.1009323,40.69957477,-3.025338119,16.38269489
473,N_474,474,OPA,-12.38523229,2.909880218,-2.988166177,12.74060893
474,N_475,475,OPA,7.266854444,8.987346834,2.401651181,7.65343726
475,N_476,476,OPA,6.662061492,46.0171978,16.39041444,17.69261849
476,N_477,477,OPA,2.979138565,45.79228073,-11.00049094,11.39675689
477,N_478,478,OPA,-0.599608683,43.13342148,10.71057931,10.72735008
478,N_479,479,OPA,-8.778310536,31.6477364,-7.995472363,11.8737658
479,N_480,480,OPA,-14.63650889,32.27623109,7.945828893,16.65423637
480,N_481,481,OPA,-15.03660772,8.457978321,-8.451782182,17.24912154
481,N_482,482,OPA,-1.861603137,37.39813274,-2.492267493,3.110781814
482,N_483,483,OPA,-1.342322947,39.91684999,-3.020210457,3.305072177
483,N_484,484,EDZ,0.491071975,38.27491174,-1.527515869,1.60451127
484,N_485,485,OPA,-2.29929968,30.54638348,2.057381826,3.08538474
485,N_486,486,EDZ,0.679069497,27.48362168,1.572603078,1.712955289
486,N_487,487,OPA,2.694731243,32.25683856,0.688410067,2.78127397
487,N_488,488,OPA,-0.440101964,23.98037179,-2.111901379,2.15727077
488,N_489,489,EDZ,1.087929494,18.12615814,-1.356628707,1.73897442
489,N_490,490,OPA,-0.547134167,18.25101399,-2.940792914,2.991257053
490,N_491,491,OPA,-3.769853008,17.79456051,-0.061858585,3.770360485
491,N_492,492,OPA,0.684471138,24.07524736,-3.17433639,3.247293066
492,N_493,493,GBM,0.752266985,26.60605669,-0.761292244,1.070267022
493,N_494,494,SHCR,0.058077641,23.59470095,-1.591422077,1.592481472
494,N_495,495,OPA,3.398876766,23.16251029,0.822995569,3.49709665
495,N_496,496,OPA,-1.793939636,35.16181934,2.101249238,2.762873102
496,N_497,497,OPA,1.561484705,18.96947765,3.317877215,3.666952917
497,N_498,498,OPA,-3.257594984,38.60959212,0.988485088,3.404266125
498,N_499,499,OPA,-0.126793766,18.88085778,1.885119457,1.889378741
499,N_500,500,OPA,2.347822515,31.37411081,-0.979010492,2.543763375
500,N_501,501,GBM,1.05840504,20.08798627,-0.767528764,1.307410277
501,N_502,502,OPA,-2.675152674,39.82273307,-1.084814756,2.88673949
502,N_503,503,OPA,-3.540187292,30.94039401,0.663369701,3.601803079
503,N_504,504,EDZ,-1.523657918,26.91599791,0.681008003,1.668923411
504,N_505,505,OPA,-3.241978006,31.64402047,-1.194235282,3.454941287
505,N_506,506,OPA,-1.709680123,37.73998118,-2.219879026,2.801940223
506,N_507,507,OPA,1.984240604,15.69582139,-0.400420411,2.024239927
507,N_508,508,OPA,-2.737318011,31.68679159,-1.381748842,3.066290879
508,N_509,509,OPA,-1.724487712,20.88184352,1.744246,2.452804921
509,N_510,510,OPA,2.67603378,15.52558766,-0.553953322,2.732768025
510,N_511,511,OPA,-3.253229436,32.39868782,2.193227437,3.92348676
511,N_512,512,OPA,2.108535598,28.58797549,2.44114831,3.225697977
512,N_513,513,OPA,3.513687454,25.41539477,-0.762850817,3.595544589
513,N_514,514,OPA,0.673107863,19.80113168,-1.895128456,2.011115626
514,N_515,515,EDZ,-1.354953645,18.72783961,1.026371221,1.699805066
515,N_516,516,OPA,3.09623274,33.79526559,1.028559428,3.262605044
516,N_517,517,EDZ,1.627974188,30.3305439,0.294458778,1.654389896
517,N_518,518,CAN,-0.115729052,27.42062936,0.051655995,0.126734192
518,N_519,519,OPA,-1.165622531,30.63644295,2.7334947,2.971644185
519,N_520,520,OPA,2.461181108,23.1846281,-1.661019074,2.96924179
520,N_521,521,OPA,1.75745089,19.73772143,2.007207968,2.667867586
521,N_522,522,OPA,1.376513041,40.8286174,3.632856978,3.884898709
522,N_523,523,OPA,3.542978969,23.53176311,1.848303497,3.996113836
523,N_524,524,OPA,-2.055977519,20.07405368,-2.495855943,3.233626516
524,N_525,525,OPA,-2.235351902,17.11802092,0.354160156,2.263233869
525,N_526,526,OPA,2.007401208,18.12009704,-2.92439698,3.547077291
526,N_527,527,GBM,0.015893515,16.50810198,-0.607897797,0.60810553
527,N_528,528,OPA,3.87550787,31.89160249,0.557646082,3.915422123
528,N_529,529,OPA,-1.519353055,31.28459538,1.824721682,2.374456342
529,N_530,530,BBLOCK,-0.075612865,36.07305697,-0.897059162,0.900240215
530,N_531,531,OPA,0.477427845,39.41072689,2.407677971,2.454557101
531,N_532,532,OPA,-3.037961866,17.9932789,0.536546215,3.084978791
532,N_533,533,OPA,3.707954236,15.37719376,0.196740601,3.713170005
533,N_534,534,OPA,1.099757788,16.15797643,-2.630806067,2.851422058
534,N_535,535,OPA,2.859333867,18.21514518,-0.560407433,2.913734143
535,N_536,536,OPA,1.473158279,34.25628516,-3.147622518,3.475301833
536,N_537,537,OPA,-0.22048029,35.33547196,1.999818736,2.011936016
537,N_538,538,OPA,-1.824501189,38.04678578,-1.228211116,2.199387899
538,N_539,539,OPA,-3.355225072,16.30359537,-0.3945737,3.378346295
539,N_540,540,OPA,-3.387800723,35.52827723,-1.340068092,3.643209606
540,N_541,541,OPA,0.414753704,30.74381088,1.754826718,1.803174269
541,N_542,542,OPA,0.648558049,21.69594921,-2.129973735,2.226525467
542,N_543,543,OPA,-0.181122657,38.7280007,-3.755439248,3.759804431
543,N_544,544,OPA,2.141072117,32.87644866,-0.639439425,2.234518424
544,N_545,545,OPA,-2.652387085,32.23626843,2.238047365,3.470448567
545,N_546,546,OPA,3.251025953,16.38643996,-2.264177711,3.961776174
546,N_547,547,OPA,-1.796919666,34.43709265,-1.76859845,2.521281572
547,N_548,548,OPA,0.302952544,33.08577941,-3.628302857,3.640928709
548,N_549,549,OPA,2.22119533,34.87791749,3.238296776,3.926865761
549,N_550,550,OPA,-2.870748371,29.40224031,0.446631499,2.905284135
550,N_551,551,OPA,2.048946672,25.55094971,-2.231287322,3.029327578
551,N_552,552,GBM,-0.851869567,22.79982181,0.088620387,0.856466772
552,N_553,553,SHCR,1.400122559,25.88353842,0.486473923,1.482228072
553,N_554,554,OPA,-1.491477012,36.53288555,-2.901802397,3.262661617
554,N_555,555,OPA,-2.997988755,26.85204032,-0.108969088,2.999968473
555,N_556,556,OPA,-0.018600439,25.80553728,-2.716574934,2.716638612
556,N_557,557,BBLOCK,0.319451146,29.5916691,-0.715480437,0.78355682
557,N_558,558,EDZ,0.575100229,20.62490056,1.507679823,1.613641448
558,N_559,559,OPA,-2.866490598,26.8666878,2.75251531,3.974054464
559,N_560,560,OPA,-0.980462578,31.10015726,-3.423185318,3.5608292
560,N_561,561,OPA,2.313504742,35.87527051,-0.97623229,2.511042348
561,N_562,562,OPA,3.082178883,29.70524619,-1.022986197,3.247510959
562,N_563,563,GBM,-1.089958106,18.62335405,0.550925586,1.221281161
563,N_564,564,OPA,3.028989309,15.70856544,0.094219073,3.030454333
564,N_565,565,OPA,-1.932309343,24.9616124,-1.317310123,2.33861612
565,N_566,566,GBM,-1.355799908,34.50997494,0.223317996,1.374068527
566,N_567,567,OPA,-2.213832858,32.09027616,-1.172486372,2.505150737
567,N_568,568,OPA,-0.923176762,18.87502438,-1.821995755,2.042528792
568,N_569,569,GBM,-1.241677809,24.15777069,-0.276962174,1.272191742
569,N_570,570,EDZ,-0.976384123,20.82507876,1.311818912,1.635296552
570,N_571,571,OPA,1.646049165,26.48055318,1.153569729,2.010025117
571,N_572,572,OPA,-2.852438039,31.7865533,-0.615706117,2.918132414
572,N_573,573,OPA,0.657924616,40.67060718,-2.874547279,2.948878916
573,N_574,574,GBM,0.247415314,38.67106621,-0.126754385,0.277994626
574,N_575,575,OPA,-1.046540343,15.28984329,1.56915026,1.886128105
575,N_576,576,OPA,0.35774742,35.05347895,-3.906479356,3.922826045
576,N_577,577,OPA,1.061505077,19.73021832,2.781129354,2.976822721
577,N_578,578,OPA,-1.745996221,33.06303641,-2.731121076,3.241531295
578,N_579,579,OPA,0.461501578,21.1941041,3.863796198,3.891260049
579,N_580,580,GBM,-0.610543546,37.48654545,-1.085561539,1.245474719
580,N_581,581,GBM,1.060063766,32.2240759,0.738609468,1.292005857
581,N_582,582,OPA,-0.173368564,40.18125832,-1.969155679,1.976772811
582,N_583,583,OPA,1.315443824,26.45833291,-1.821642133,2.246947377
583,N_584,584,OPA,-1.357568715,35.13183705,-2.90133877,3.203242025
584,N_585,585,OPA,0.984710453,40.82768404,3.792525044,3.918277796
585,N_586,586,OPA,-2.764772905,34.98903674,1.252901437,3.035412859
586,N_587,587,OPA,2.141638578,23.78076172,-0.725511787,2.261190649
587,N_588,588,OPA,1.196024386,37.18948488,-2.263772736,2.560301024
588,N_589,589,OPA,-2.675932067,32.98646033,1.019813455,2.863674547
589,N_590,590,OPA,-3.613436338,29.1175346,1.347311675,3.856445373
590,N_591,591,GBM,0.43513105,32.56041426,1.181126346,1.258728913
591,N_592,592,OPA,0.436471186,22.17113331,-3.201690476,3.231304535
592,N_593,593,GBM,0.422291464,36.81920673,-0.731368482,0.844529418
593,N_594,594,OPA,1.744833973,15.29262823,-2.546925463,3.087276293
594,N_595,595,OPA,1.768744875,28.65946999,2.694641001,3.223282265
595,N_596,596,OPA,2.237191002,24.5397881,-2.658527217,3.474592141
596,N_597,597,SHCR,-1.399459805,22.23838845,-0.401781116,1.455993066
597,N_598,598,SHCR,0.909002839,18.23018244,-1.217503655,1.519408211
598,N_599,599,OPA,-1.771209567,29.9740059,-3.459222601,3.88630986
599,N_600,600,GBM,1.09945582,32.25899593,-0.493941108,1.205313618
600,N_601,601,OPA,-2.428653179,24.64929003,-0.139962508,2.432682834
601,N_602,602,GBM,0.134390995,33.533685,0.89176283,0.901832514
602,N_603,603,OPA,2.585827984,39.36331313,1.294048173,2.891550974
603,N_604,604,EDZ,-1.626603095,31.75200908,0.061170509,1.627752887
604,N_605,605,OPA,-2.876773006,23.80536834,1.090981644,3.07669691
605,N_606,606,OPA,1.795923305,32.55920789,-2.220381266,2.855771959
606,N_607,607,OPA,-1.603140195,17.78026928,-2.641460289,3.089882027
607,N_608,608,GBM,-1.36213556,15.74033852,0.251433269,1.385146913
608,N_609,609,OPA,2.399577224,19.33632293,0.798228517,2.528861329
609,N_610,610,GBM,0.682917953,38.29233071,-0.471524626,0.829886983
610,N_611,611,OPA,-0.621685242,19.01659201,3.608459175,3.661621247
611,N_612,612,OPA,2.437924614,37.71573319,3.116061733,3.956427321
612,N_613,613,OPA,-1.808627973,24.82770302,-0.894748111,2.017847697
613,N_614,614,OPA,-0.035962456,32.11908317,-3.393802386,3.393992919
614,N_615,615,OPA,1.301080248,34.12773071,1.331780675,1.861840374
615,N_616,616,OPA,1.161274178,32.70696568,3.56577091,3.750103985
616,N_617,617,GBM,0.271423836,27.98265822,0.957187921,0.994926939
617,N_618,618,GBM,-0.131327861,39.16380119,1.133917057,1.14149678
618,N_619,619,OPA,-0.867408843,21.29360824,1.619468287,1.837137892
619,N_620,620,SHCR,-0.520099737,20.09243672,-1.345577563,1.442595825
620,N_621,621,OPA,1.370043989,28.34596476,3.509230137,3.767189495
621,N_622,622,OPA,0.6177807,28.15047768,3.275417543,3.333168623
622,N_623,623,OPA,2.596257072,30.84965439,1.665832321,3.084728206
623,N_624,624,OPA,1.25604314,26.83226828,-3.384588874,3.610136593
624,N_625,625,OPA,3.07123387,31.71046268,-0.159572796,3.075376556
625,N_626,626,OPA,-3.553200848,23.81280396,0.859229007,3.655613594
626,N_627,627,OPA,-3.083477804,25.36364843,1.184143449,3.303033617
627,N_628,628,SHCR,-0.476700271,27.44149708,-1.456238802,1.532277585
628,N_629,629,OPA,-1.914342023,22.74984511,-0.157375921,1.92079998
629,N_630,630,OPA,-0.837692542,36.86291035,2.060457072,2.224232933
630,N_631,631,OPA,-0.451495499,31.73775487,-3.488434361,3.517530735
631,N_632,632,OPA,1.734933021,24.69240504,3.403804885,3.820455507
632,N_633,633,OPA,-1.600102216,21.41784561,-2.171291181,2.69718974
633,N_634,634,OPA,1.502345892,24.73186042,-1.14196767,1.887096537
634,N_635,635,OPA,2.166869227,24.01350906,-2.839852447,3.572126001
635,N_636,636,GBM,0.533769003,40.65983168,0.52010686,0.745265386
636,N_637,637,OPA,-1.074527413,18.74134708,-2.0691424,2.331514408
637,N_638,638,OPA,2.863192004,32.17471694,0.017660147,2.863246468
638,N_639,639,OPA,-3.507513308,15.61405575,0.432646897,3.534095774
639,N_640,640,OPA,3.086803212,15.66962924,2.155700243,3.765022922
640,N_641,641,EDZ,-0.763683461,36.33186247,1.545357408,1.723758088
641,N_642,642,GBM,-0.079304448,16.45259612,-1.083714473,1.086612283
642,N_643,643,OPA,-1.515632015,19.0523969,1.2013309,1.933994916
643,N_644,644,OPA,-0.04159689,23.23431142,3.753107671,3.75333818
644,N_645,645,OPA,-3.102165983,20.8735983,1.168238749,3.314847743
645,N_646,646,OPA,0.032116907,34.08402659,-3.348908231,3.349062232
646,N_647,647,OPA,2.411563992,20.99110566,2.175599735,3.247903184
647,N_648,648,OPA,0.884705952,39.63692409,1.593327736,1.822470273
648,N_649,649,GBM,-0.802089282,36.04154614,-0.639513775,1.025828975
649,N_650,650,OPA,-2.470470605,30.35061293,2.292624303,3.370363661
650,N_651,651,OPA,-3.317553336,17.89970672,-1.851719963,3.799345596
651,N_652,652,EDZ,-0.806932709,37.59132352,1.472807141,1.679375262
652,N_653,653,OPA,2.122136309,28.68726448,-2.536005301,3.306778705
653,N_654,654,OPA,2.126802018,19.69058404,2.980914679,3.661849144
654,N_655,655,OPA,0.239179783,27.91639603,-2.698608118,2.709186731
655,N_656,656,OPA,2.914361819,20.22848621,-0.627544887,2.981160412
656,N_657,657,OPA,-1.64851762,15.04269283,-2.251195904,2.790249691
657,N_658,658,OPA,-1.851987836,32.16996061,0.871298966,2.046709758
658,N_659,659,SHCR,1.238953636,28.78363442,0.901753382,1.532372433
659,N_660,660,OPA,1.869911318,37.43607467,2.701180003,3.28526129
660,N_661,661,OPA,2.151693231,39.52993441,3.161701906,3.824414034
661,N_662,662,OPA,-1.863480789,32.11991588,0.449853518,1.917010391
662,N_663,663,OPA,-0.691373523,25.79858023,-1.810371848,1.937896689
663,N_664,664,OPA,1.867994452,15.71247427,-0.473972111,1.927187804
664,N_665,665,OPA,3.684143089,35.85995457,-1.230854784,3.884316388
665,N_666,666,OPA,2.020377261,40.1755527,0.359816748,2.052167724
666,N_667,667,EDZ,-0.280961277,26.79819457,-1.709607138,1.732540276
667,N_668,668,OPA,-2.916653487,34.30246319,2.452121157,3.810481037
668,N_669,669,OPA,-1.510600623,19.9298747,-3.464086985,3.779128587
669,N_670,670,OPA,0.075087662,35.17955614,-1.942102258,1.943553277
670,N_671,671,OPA,2.365876911,21.61420813,-1.712185291,2.920436959
671,N_672,672,EDZ,-1.598460231,25.60406672,0.545474472,1.688969363
672,N_673,673,OPA,0.384429676,16.76396738,-2.009460115,2.045902277
673,N_674,674,OPA,0.630443684,34.55282199,1.923434934,2.024119854
674,N_675,675,OPA,0.402617431,19.81815267,-3.582303069,3.604857289
675,N_676,676,OPA,-0.538376287,39.00104575,-1.972915563,2.045053751
676,N_677,677,OPA,2.581884576,17.92156457,1.681937099,3.081402338
677,N_678,678,OPA,-1.573050109,27.93834882,2.060797763,2.592561294
678,N_679,679,GBM,-0.646914435,35.87691556,-1.131787507,1.303626191
679,N_680,680,OPA,1.298074328,29.48909685,1.35312971,1.875088524
680,N_681,681,EDZ,-1.620698018,22.67595862,-0.741151858,1.782124614
681,N_682,682,OPA,0.208069546,39.48838759,-3.578510863,3.584554775
682,N_683,683,GBM,-0.029942666,22.38898972,1.08985893,1.090270173
683,N_684,684,OPA,-3.777091554,16.04828189,-0.92167294,3.887917388
684,N_685,685,OPA,2.036701549,15.38098855,0.790406628,2.184695823
685,N_686,686,OPA,1.126877706,16.94025893,3.382440018,3.565214417
686,N_687,687,OPA,-2.081798322,40.24066592,2.88501463,3.557694994
687,N_688,688,GBM,0.904703351,34.13716102,0.463139153,1.016359202
688,N_689,689,GBM,1.157471688,26.18808098,0.695201518,1.350202155
689,N_690,690,OPA,-1.184044568,37.60151161,2.081383021,2.394601599
690,N_691,691,GBM,1.27341548,40.49602298,-0.184991353,1.286782338
691,N_692,692,OPA,-1.896902152,38.59439961,3.124728238,3.655429432
692,N_693,693,CAN,0.191997787,34.56968741,-0.105315928,0.218985376
693,N_694,694,OPA,-2.741847914,20.97882973,-2.007139605,3.397990491
694,N_695,695,GBM,-0.729494327,20.78048074,0.325274513,0.798727414
695,N_696,696,OPA,-0.709773485,40.2372898,-3.925890548,3.989535686
696,N_697,697,OPA,2.479610792,22.32841307,2.942001972,3.847576547
697,N_698,698,OPA,-2.160788958,31.20969886,0.475775689,2.212548627
698,N_699,699,GBM,-0.703587912,25.87605067,-0.134570722,0.716341559
699,N_700,700,OPA,1.955938021,34.83282461,-0.645056651,2.059561027
700,N_701,701,GBM,-0.5358015,27.46882834,0.81686922,0.976912775
701,N_702,702,EDZ,1.29166799,23.15277193,1.020126672,1.645923639
702,N_703,703,OPA,0.444552524,28.35154947,3.00608243,3.038775826
703,N_704,704,OPA,1.997048481,19.99811062,2.211671835,2.979881699
704,N_705,705,OPA,-2.555394219,20.92538861,2.494404894,3.571007616
705,N_706,706,OPA,-1.018617267,23.04801198,-2.414150755,2.620249035
706,N_707,707,OPA,1.879091924,40.69778832,0.621321858,1.979148128
707,N_708,708,OPA,-1.342337086,40.27220885,2.185471833,2.564791607
708,N_709,709,EDZ,-0.131405776,18.74235587,1.638771664,1.644031643
709,N_710,710,OPA,2.854621539,33.99505703,-0.305985766,2.87097395
710,N_711,711,OPA,-2.950930817,24.60386464,-1.938099433,3.530470521
711,N_712,712,OPA,3.17256291,37.33002948,-1.047181203,3.340919617
712,N_713,713,SHCR,1.342790113,36.82650344,-0.492246804,1.430172089
713,N_714,714,OPA,-2.215643851,29.60739334,-1.663844158,2.77082209
714,N_715,715,OPA,2.285942521,36.37912094,2.971209307,3.74881554
715,N_716,716,OPA,1.99696587,23.00121809,-2.978572311,3.586051547
716,N_717,717,EDZ,0.500515426,15.66880171,-1.646134699,1.720545012
717,N_718,718,EDZ,1.497856233,35.98099759,-0.758054885,1.678755641
718,N_719,719,OPA,-3.854822713,25.40399229,0.50008769,3.887125654
719,N_720,720,BBLOCK,0.176189105,18.64346567,-0.817178118,0.835956146
720,N_721,721,OPA,-3.554917008,27.5551683,-1.265895248,3.77358261
721,N_722,722,GBM,-0.438942466,34.79558344,0.443517405,0.624001745
722,N_723,723,OPA,3.029160235,33.23290028,1.255838592,3.279167927
723,N_724,724,OPA,-2.161880398,22.6015729,1.401949843,2.576662613
724,N_725,725,OPA,-0.468313962,15.65791342,1.831020277,1.88996117
725,N_726,726,OPA,-2.397172219,23.95951598,0.309484597,2.417067513
726,N_727,727,OPA,2.645829499,18.39466453,-0.234214398,2.656175845
727,N_728,728,OPA,2.31370358,18.66917587,2.914702336,3.721386027
728,N_729,729,OPA,-1.540740106,40.12671532,1.249454034,1.983687339
729,N_730,730,OPA,-1.17656366,40.37517248,-1.581007724,1.970758095
730,N_731,731,OPA,3.219577289,25.82842186,-0.678296719,3.290252932
731,N_732,732,OPA,0.751782735,27.19279907,3.48034358,3.560613531
732,N_733,733,OPA,3.224289043,15.42725414,0.616337583,3.282668403
733,N_734,734,OPA,2.69383922,18.92741553,2.20650262,3.482157888
734,N_735,735,OPA,-0.685017999,22.86224556,2.659372129,2.746180944
735,N_736,736,OPA,0.11376609,24.87575239,-2.686423687,2.688831522
736,N_737,737,OPA,0.916426261,26.46144991,3.144709114,3.275520188
737,N_738,738,OPA,2.733377773,25.98534718,-0.957350346,2.896182614
738,N_739,739,OPA,3.016473378,23.35673402,2.243549244,3.759338353
739,N_740,740,OPA,1.853230169,19.28936442,0.817954513,2.025712627
740,N_741,741,SHCR,1.545462334,37.53609867,-0.219583921,1.56098396
741,N_742,742,OPA,-2.039384586,17.59641154,1.871557755,2.767998901
742,N_743,743,BBLOCK,-0.155475146,34.66126525,-0.508833873,0.532056793
743,N_744,744,OPA,1.672835313,38.58581065,-1.663979867,2.35949295
744,N_745,745,OPA,1.857999749,35.62780276,-0.662456942,1.972564896
745,N_746,746,SHCR,-1.240120358,32.08698423,-0.919503283,1.543821489
746,N_747,747,OPA,-3.08380614,32.23094298,1.908816058,3.626767025
747,N_748,748,GBM,0.20489754,16.85382265,1.122040212,1.140595125
748,N_749,749,GBM,0.29217868,40.93117071,0.590630052,0.658947827
749,N_750,750,OPA,-0.727572291,35.49248754,2.567888545,2.668972278
750,N_751,751,GBM,0.938345117,34.87755919,-1.012745449,1.380632067
751,N_752,752,OPA,-2.630302642,16.28752993,-2.097602827,3.364287385
752,N_753,753,OPA,-0.374014593,19.01216614,3.888313025,3.906259732
753,N_754,754,OPA,-1.508469366,28.84479388,-3.293258105,3.622296064
754,N_755,755,OPA,1.948156629,15.30428705,3.367119864,3.890091314
755,N_756,756,OPA,-2.822108933,16.14301767,2.201451158,3.57920187
756,N_757,757,OPA,1.505188182,20.55117394,-2.135605179,2.612738208
757,N_758,758,GBM,1.089945486,39.85836414,0.719057812,1.305766173
758,N_759,759,OPA,-3.144147049,33.59612413,1.020743081,3.305688597
759,N_760,760,OPA,0.839852681,29.1126685,-2.63444778,2.765080041
760,N_761,761,OPA,2.175095867,17.76428268,-2.602284386,3.391596387
761,N_762,762,OPA,3.565192121,22.33617795,-0.385710256,3.585995993
762,N_763,763,OPA,-1.610375796,24.39802197,3.40254616,3.764389801
763,N_764,764,GBM,1.228422946,28.60851683,-0.219192833,1.247825482
764,N_765,765,OPA,2.875741319,24.19135934,-1.50884056,3.247535677
765,N_766,766,OPA,-2.004655569,23.81482064,3.395961342,3.943500651
766,N_767,767,OPA,-1.974153323,39.88873192,-1.948756103,2.773973989
767,N_768,768,OPA,-1.463567061,39.05959411,-2.830113018,3.186152576
768,N_769,769,OPA,0.543941476,31.78725046,-3.858177115,3.896331991
769,N_770,770,OPA,-0.817868908,16.23995394,2.779201487,2.897045125
770,N_771,771,OPA,-1.169670074,15.6115449,-2.682604863,2.926516177
771,N_772,772,OPA,-0.164422705,40.93331223,-2.169687853,2.175909053
772,N_773,773,OPA,1.64819346,37.5151047,-3.442607266,3.816816273
773,N_774,774,OPA,3.604726945,17.94692103,-1.314677606,3.836982351
774,N_775,775,OPA,2.017118695,27.26822352,2.283339751,3.04670449
775,N_776,776,OPA,2.679229122,15.52555058,-0.061826238,2.679942382
776,N_777,777,OPA,3.035953716,34.79279186,-1.023535442,3.20384765
777,N_778,778,OPA,3.336874483,19.79586258,0.528266809,3.378431165
778,N_779,779,OPA,2.234193413,22.16428717,-3.055125098,3.78489228
779,N_780,780,OPA,-0.301331795,31.05165704,1.791276496,1.816444972
780,N_781,781,OPA,-1.284523435,22.0345152,2.481084196,2.793882467
781,N_782,782,GBM,1.045278889,35.8402704,-0.698586493,1.2572315
782,N_783,783,OPA,1.609740524,27.12325395,2.637087993,3.089578877
783,N_784,784,OPA,-1.170442262,29.03212354,1.493811841,1.897737838
784,N_785,785,OPA,1.844413744,37.60013633,-1.392579099,2.31109035
785,N_786,786,OPA,2.470983723,38.936876,-2.606392065,3.591523375
786,N_787,787,OPA,0.094003245,22.72113161,-3.934584092,3.935706873
787,N_788,788,OPA,0.640689694,16.71033948,-2.756683403,2.830156651
788,N_789,789,OPA,-2.55463396,29.84031252,-0.217389666,2.563866794
789,N_790,790,OPA,-2.304687701,37.07364252,-2.881095164,3.689484347
790,N_791,791,SHCR,0.951388796,28.31977467,-1.14118973,1.485750531
791,N_792,792,OPA,2.151590593,35.2400361,-3.012823849,3.702222254
792,N_793,793,OPA,2.598874061,28.31979649,0.17300606,2.604626169
793,N_794,794,OPA,3.139056428,29.8926356,1.135435184,3.338096511
794,N_795,795,OPA,-3.531717857,15.93460735,-0.715711344,3.603508533
795,N_796,796,OPA,2.91446949,21.45962876,2.24077738,3.676304622
796,N_797,797,BBLOCK,0.346642943,20.9639079,-0.694262241,0.775990585
797,N_798,798,OPA,-2.71061575,38.39489261,0.432516904,2.744905939
798,N_799,799,OPA,-2.247364485,39.90319381,0.84385532,2.400570543
799,N_800,800,OPA,1.109391644,21.61718148,1.803407627,2.117316436
800,N_801,801,OPA,2.898749293,40.87072638,-1.436958611,3.235366674
801,N_802,802,OPA,0.985661246,40.81863871,2.24748635,2.45412367
802,N_803,803,OPA,1.597760082,39.23730592,2.939227279,3.345428863
803,N_804,804,GBM,-0.018676831,39.08451358,1.239076081,1.239216832
804,N_805,805,OPA,-0.890749429,38.14543037,-3.704066079,3.809664035
805,N_806,806,OPA,0.363104298,30.83284484,-3.3872215,3.406627984
806,N_807,807,OPA,0.20065574,37.62904529,2.302553401,2.311279925
807,N_808,808,OPA,3.56258997,30.42387665,-1.708266081,3.950977133
808,N_809,809,OPA,2.777561354,22.08829013,1.14735036,3.005205471
809,N_810,810,GBM,-0.508094456,31.89330308,-0.457706213,0.68385302
810,N_811,811,SHCR,0.133729837,15.76321824,1.494412822,1.500384401
811,N_812,812,OPA,3.091720038,19.23497944,-2.401254081,3.9146844
812,N_813,813,OPA,3.570343929,25.0240121,-0.499591079,3.605127879
813,N_814,814,OPA,1.410342555,39.44161292,-3.320943082,3.608009019
814,N_815,815,OPA,-0.370882469,34.1300798,2.155003121,2.186685221
815,N_816,816,OPA,-2.505553163,26.22608456,-0.388137446,2.535438292
816,N_817,817,OPA,2.879194131,35.92440081,-1.062792144,3.069085529
817,N_818,818,EDZ,-0.704552836,25.26964143,-1.490329894,1.648477446
818,N_819,819,OPA,3.187006102,22.36754933,0.407837945,3.212995438
819,N_820,820,OPA,2.15649393,27.03320976,1.159068204,2.448245325
820,N_821,821,OPA,-2.121312474,19.5621541,-1.685536962,2.709428254
821,N_822,822,GBM,-1.000315962,19.64462277,0.358806031,1.062719997
822,N_823,823,OPA,2.053181502,36.89095314,3.209397256,3.809958665
823,N_824,824,OPA,1.928004758,38.48534385,-1.396758961,2.380785153
824,N_825,825,OPA,1.796273593,27.71247181,-3.08709637,3.571661073
825,N_826,826,EDZ,1.522558784,26.40575642,0.687373478,1.670529122
826,N_827,827,EDZ,-1.666066785,16.3092316,0.358909231,1.704287055
827,N_828,828,OPA,1.951949035,24.54391678,3.01217895,3.589335183
828,N_829,829,OPA,-2.81354922,28.93390788,1.241624203,3.075335733
829,N_830,830,GBM,0.638444765,20.58151945,1.067536304,1.243883225
830,N_831,831,GBM,-0.7653103,21.73231076,0.317782485,0.828664928
831,N_832,832,OPA,-0.512718962,26.81167136,2.947369942,2.991633384
832,N_833,833,OPA,-2.840899648,23.95860246,-1.479060301,3.202862811
833,N_834,834,OPA,1.051174616,32.00512132,-2.513080784,2.724067382
834,N_835,835,GBM,-0.724934342,27.46877468,0.391772615,0.824024018
835,N_836,836,OPA,1.321966019,15.19997812,1.222932933,1.800877318
836,N_837,837,GBM,-0.940130079,20.75756463,-0.678615977,1.15946721
837,N_838,838,OPA,-3.487526854,34.70226213,-0.268675748,3.497860806
838,N_839,839,EDZ,0.315970911,38.76428836,1.681116979,1.710553102
839,N_840,840,OPA,1.497398645,34.19667999,1.103380147,1.860013562
840,N_841,841,OPA,0.232748365,18.31615013,-2.137026098,2.149663309
841,N_842,842,OPA,-3.285521763,28.72191123,0.467920946,3.318674927
842,N_843,843,OPA,-3.241852308,32.36763247,0.441353282,3.271757801
843,N_844,844,GBM,0.002677348,40.99416191,-0.187236435,0.187255576
844,N_845,845,OPA,1.069148072,22.90586555,2.443997038,2.667620498
845,N_846,846,OPA,1.989542778,38.48083538,-0.267934224,2.007503229
846,N_847,847,OPA,-2.211541818,32.88119507,2.876761878,3.628591478
847,N_848,848,OPA,1.810834145,20.05205624,2.828911701,3.358848271
848,N_849,849,GBM,-1.328885971,37.64805483,0.412752173,1.391510791
849,N_850,850,OPA,-3.577283167,33.41446803,1.075550092,3.735473579
850,N_851,851,OPA,3.285614271,31.50337241,1.734440879,3.71531241
851,N_852,852,EDZ,1.609505823,29.22566912,0.122317883,1.614147037
852,N_853,853,OPA,-1.37306208,36.1302068,3.142067363,3.428977514
853,N_854,854,CAN,-0.158755605,27.40998223,0.496577946,0.521337701
854,N_855,855,GBM,-1.199610566,39.93123659,-0.331834896,1.244660559
855,N_856,856,OPA,-2.317018409,15.83192507,2.840820025,3.665901352
856,N_857,857,OPA,-1.306057168,21.85407232,3.003130016,3.274839724
857,N_858,858,OPA,2.347411659,18.43392918,-0.657397134,2.43772691
858,N_859,859,OPA,-0.987724621,17.80620301,-2.811128662,2.979604719
859,N_860,860,OPA,-0.986247349,15.20330108,-1.972577446,2.205390127
860,N_861,861,SHCR,-1.413470681,27.50061555,0.707793592,1.580781811
861,N_862,862,OPA,-3.48344719,34.89566169,0.184400209,3.488324492
862,N_863,863,OPA,-1.398824605,33.48106099,-1.76286219,2.250420711
863,N_864,864,OPA,-2.961996844,34.98709386,-1.122102469,3.167418389
864,N_865,865,GBM,0.403371498,37.95833415,-0.766220895,0.865911673
865,N_866,866,SHCR,-0.433397813,30.73146078,-1.395939046,1.461670101
866,N_867,867,OPA,-2.783933888,31.40253048,0.547534502,2.837266629
867,N_868,868,OPA,-2.508464002,37.43216865,2.949148208,3.871674936
868,N_869,869,OPA,-1.779007846,28.14115549,0.312831012,1.806303452
869,N_870,870,OPA,-1.435230168,28.9707848,3.256783998,3.559006553
870,N_871,871,EDZ,1.541930588,33.84988836,-0.742040939,1.711191016
871,N_872,872,OPA,-3.103912511,17.9833543,-1.465525729,3.43249742
872,N_873,873,OPA,-3.130858304,29.36199196,0.767665197,3.223597924
873,N_874,874,OPA,-1.682377483,33.96824846,1.951593263,2.576647097
874,N_875,875,OPA,0.643351056,16.16767635,3.50860056,3.567096644
875,N_876,876,SHCR,1.264264711,21.51835557,0.638399893,1.41630494
876,N_877,877,OPA,2.065860984,33.87159662,-1.826733058,2.757668448
877,N_878,878,EDZ,-0.899267308,19.47490747,-1.555782707,1.796981225
878,N_879,879,OPA,-1.76216902,39.91484091,1.11012842,2.082696512
879,N_880,880,CAN,-0.418768311,26.51054045,0.269787644,0.498148844
880,N_881,881,OPA,1.23180776,38.66648128,-2.641579607,2.914668622
881,N_882,882,OPA,-1.020175748,32.38740229,3.317953606,3.47124973
882,N_883,883,OPA,-3.571778718,22.66920964,-1.298505499,3.800489408
883,N_884,884,OPA,-0.932533029,21.86745638,2.360005342,2.537566366
884,N_885,885,OPA,2.042172388,21.16917694,-2.81981555,3.481641538
885,N_886,886,EDZ,-1.798562839,23.20317609,-0.052600345,1.799331843
886,N_887,887,OPA,0.528205631,31.74094647,-2.0880921,2.153863925
887,N_888,888,OPA,-0.043568095,25.71989965,-3.934757479,3.934998679
888,N_889,889,OPA,-0.982801704,31.11368182,1.54522071,1.831285404
889,N_890,890,OPA,1.229471425,28.0967428,-2.836178983,3.091198992
890,N_891,891,SHCR,-0.637066113,32.07206224,-1.265286636,1.416616922
891,N_892,892,OPA,0.157070861,20.9370658,2.900145218,2.904395555
892,N_893,893,OPA,2.09902357,34.48541733,-2.156986876,3.009732934
893,N_894,894,OPA,-3.772063007,30.31105686,0.90012912,3.877975214
894,N_895,895,OPA,-0.318504338,21.07117168,-2.247541297,2.269997113
895,N_896,896,GBM,1.562706902,40.23434378,0.281381885,1.587837721
896,N_897,897,OPA,2.004418566,16.11982631,-0.595201517,2.090922915
897,N_898,898,OPA,3.086372371,37.93086545,0.587094459,3.141715187
898,N_899,899,CAN,-0.484575033,28.63373969,-0.182562438,0.5178243
899,N_900,900,OPA,1.950771738,36.12138134,-3.239393307,3.781425574
